id_l,id_r,genre_l,image_l,author_l,publisher_l,title_l,datePublished_l,publication_l,copyrightHolder_l,genre_r,image_r,author_r,publisher_r,title_r,datePublished_r,publication_r,copyrightHolder_r
Q17017537,node1ab1215317a336c78f36d66cc89a_<https://www.kirkusreviews.com/book-series/wicked-lovely/>,fantasy,,Melissa Marr,,Darkest Mercy,2011,,,,https://d3myrwj42s63no.cloudfront.net/180/978/006/165/925/6/9780061659256.jpg,,,DARKEST MERCY,,,
Q17017537,nodeac66770feb8c65b849bd65cba39f5_<http://www.boomerangbooks.com.au/Darkest-Mercy/Melissa-Marr/book_9780061659256.htm>,fantasy,,Melissa Marr,,Darkest Mercy,2011,,,,http://bookcovers.BoomerangBooks.com.au/Large/256/9780061659256.jpg?1448670428194,http://www.boomerangbooks.com.au/Darkest-Mercy/Melissa-Marr/book_9780061659256.htm/#,HarperCollins Publishers Inc,Darkest Mercy,,,
Q17017537,node1adf19d752a5f91eb6eb5afeab261e6_<https://www.kirkusreviews.com/book-reviews/melissa-marr/darkest-mercy/>,fantasy,,Melissa Marr,,Darkest Mercy,2011,,,,https://d3myrwj42s63no.cloudfront.net/180/978/006/165/925/6/9780061659256.jpg,Melissa Marr,,DARKEST MERCY,,,
Q17017537,node1caf66fafe45bda7b6a9ba51ffe94a_<http://www.harpercollins.com/books/9780061659270>,fantasy,,Melissa Marr,,Darkest Mercy,2011,,,,,by Melissa Marr,,Darkest Mercy,On Sale: 02/21/2012,,
Q17017537,node772f881b5d6892e63b5d16275724bbe3_<http://www.bookdepository.com/author/Melissa-Marr>,fantasy,,Melissa Marr,,Darkest Mercy,2011,,,,,Melissa Marr,,Darkest Mercy,21 Feb 2012,,
Q17017537,nodebc752f7c652f8c83d19deb7239d2ded_<http://www.bookdepository.com/author/Melissa-Marr>,fantasy,,Melissa Marr,,Darkest Mercy,2011,,,,,Melissa Marr,,Darkest Mercy,03 Mar 2011,,
Q17017537,node3abb914269619b4577e7fc7f22baf3_<http://www.harpercollins.com/books/9780062078377>,fantasy,,Melissa Marr,,Darkest Mercy,2011,,,,,by Melissa Marr,,Darkest Mercy,On Sale: 02/22/2011,,
Q17017537,node51e53a6277a4f0d4926191cf515368a5_<http://www.harpercollins.com/books/9780062062000>,fantasy,,Melissa Marr,,Darkest Mercy,2011,,,,,by Melissa Marr,,Darkest Mercy,On Sale: 02/22/2011,,
Q17017537,nodec0b9dda2f81562daeb9f580aec1497c_<http://www.goodreads.com/list/user_vote/720869>,fantasy,,Melissa Marr,,Darkest Mercy,2011,,,,,,,"Darkest Mercy (Wicked Lovely, #5) Melissa Marr",,,
Q7758496,node70fea73f1ceeab1287d9ecd74026ef55_<http://www.harpercollins.com/books/9780061750496>,mystery fiction,,Gregg Hurwitz,William Morrow and Company,The Program,2004,,,,,by Gregg Hurwitz,,The Program,On Sale: 10/13/2009,,
Q7758496,node1bbbe1d431dc1cd649bc5e62cc286f9_<https://www.kirkusreviews.com/book-reviews/gregg-hurwitz/the-program-2/>,mystery fiction,,Gregg Hurwitz,William Morrow and Company,The Program,2004,,,,https://d3myrwj42s63no.cloudfront.net/180/006/053/040/5/0060530405.jpg,Gregg Hurwitz,,THE PROGRAM,,,
Q7758496,node3920b3623f38e6a5f5af1e9d20b5bf_<http://www.harpercollins.com/books/9780060530419>,mystery fiction,,Gregg Hurwitz,William Morrow and Company,The Program,2004,,,,,by Gregg Hurwitz,,The Program,On Sale: 08/30/2005,,
Q7758496,nodec1824fc23f8ab47370124bb479222c_<http://www.harpercollins.com/books/9780060530419>,mystery fiction,,Gregg Hurwitz,William Morrow and Company,The Program,2004,,,,,by Gregg Hurwitz,,The Program,On Sale: 08/30/2005,,
Q7758496,node1484a6ca5885e522cebfe2939eda7_<http://www.harpercollins.com/books/9780060786427>,mystery fiction,,Gregg Hurwitz,William Morrow and Company,The Program,2004,,,,,by Gregg Hurwitz,,The Program,On Sale: 08/31/2004,,
Q6992413,https://books.google.com/books/about/Brideshead_Revisited.html?id=_R0rAAAAIAAJ,religious fiction,,Evelyn Waugh,Chapman and Hall London,Brideshead Revisited,1945,,,,https://books.google.com/books/content?id=_R0rAAAAIAAJ&printsec=frontcover&img=1&zoom=1&imgtk=AFLRE70RmX_SZ3dQbIG9-uQuwZdkiJxAwzAJzgBxRNbdv_KzFsxpQLNat8EE5S07KSwvKdIWeR7Pdpk7hwmxjv7EmmaN-xquEXQVnQnqnRGwmxw92Rytyz2dq337hExDd_-FbvKs6_qY https://books.google.com/books/content?id=_R0rAAAAIAAJ&printsec=frontcover&img=1&zoom=1&imgtk=AFLRE728tifBfo5hGltZZECvSsSkPjZRduJZD4isQaSTv0hHmAxehxD1JVJjPl3tKTu0r7jXOsaPnNjIu_hXb1_thvHN2oR4IIG_PF6fbtA2FatZcWvJBRTnUVI8CdEMJ98OkrP6hh_Y,,,Brideshead Revisited,,,
Q6992413,https://books.google.com/books/about/Brideshead_Revisited.html?id=_R0rAAAAIAAJ,religious fiction,,Evelyn Waugh,Chapman and Hall London,Brideshead Revisited,1945,,,,https://books.google.com/books/content?id=_R0rAAAAIAAJ&printsec=frontcover&img=1&zoom=1&imgtk=AFLRE72eseYoR06rhZKXy7ttRUppz1AndWL-n6y058zfxSXLOOM7v9ALyIm7lEXUyzh-wTI94ibaGUAC9zOF5sEitIOlxiuEd8epvk-c_bKRrZ8VgSK1iloJxCGkCoaZ_W5jk20qy_Lw,,,Brideshead Revisited,,,
Q6992413,https://books.google.com/books/about/Brideshead_Revisited.html?id=_R0rAAAAIAAJ,religious fiction,,Evelyn Waugh,Chapman and Hall London,Brideshead Revisited,1945,,,,https://books.google.com/books/content?id=_R0rAAAAIAAJ&printsec=frontcover&img=1&zoom=1&imgtk=AFLRE71b77JDDlXrHp8xJH4MhseJOKwVUS7Ur1hW_eQT3ZR0Cz3cqMjeU04sL4J5almV-4DQyS8gD8yw2m8q9xftS3vOxFHynG04lkpLyGKmSYbMocHD7Iml-S4bMj80w0ZhaprBQ6RF,,,Brideshead Revisited,,,
Q6992413,https://books.google.com/books/about/Brideshead_Revisited.html?id=_R0rAAAAIAAJ,religious fiction,,Evelyn Waugh,Chapman and Hall London,Brideshead Revisited,1945,,,,https://books.google.com/books/content?id=_R0rAAAAIAAJ&printsec=frontcover&img=1&zoom=1&imgtk=AFLRE72qXiIRBaotiGKLOdobIAx6j4nY_JQNOic6XtJ_zKWH4f38EhAELGATCWJPZPIqfU3f6FT6Ewfc5MCAjEKMhFpKuEUBWJy3utdGZ5VOWiFkW9vGZqWZA-UVttbNeAZMsNdRgD9d,,,Brideshead Revisited,,,
Q6992413,https://books.google.com/books/about/Brideshead_Revisited.html?id=_R0rAAAAIAAJ,religious fiction,,Evelyn Waugh,Chapman and Hall London,Brideshead Revisited,1945,,,,https://books.google.com/books/content?id=_R0rAAAAIAAJ&printsec=frontcover&img=1&zoom=1&imgtk=AFLRE70WHCzVpLA6nucQHmf7A9td4sR_4zQwuz7ZOd5V3hnLD9CZ8TG5WfJSfam-bPafg1B4zC5tpNZJ0E-Pk4b6M4m6pYQNuzNf29ii13bHeh4RrWmNuDsZAMZduCWK2ncVpPGDRQdg,,,Brideshead Revisited,,,
Q6992413,https://books.google.com/books/about/Brideshead_Revisited.html?id=_R0rAAAAIAAJ,religious fiction,,Evelyn Waugh,Chapman and Hall London,Brideshead Revisited,1945,,,,https://books.google.com/books/content?id=_R0rAAAAIAAJ&printsec=frontcover&img=1&zoom=1&imgtk=AFLRE71E_4d-eoKSSH9b7_C0dbnag6GlmdVAp9dJXfg81bx13PgvzcD3xmSQKfp1DrQPGPvK8NHntZRBSJCnrCvlHLMFrn83giDphtQlJQs9ct3pYJjsWrYNxYcpLtPxm9ErVU5MlTEk,,,Brideshead Revisited,,,
Q6992413,nodef550956fa16b41d49967e0496e924f_<http://www.abebooks.com/products/isbn/9780316926348/9061569694>,religious fiction,,Evelyn Waugh,Chapman and Hall London,Brideshead Revisited,1945,,,,http://isbn.abebooks.com/lbr/md/45/31/brideshead-revisited/md0316926345.jpg,"Waugh, Evelyn",Back Bay Books,Brideshead Revisited,1999,,
Q6992413,nodea8724a8cdd23428bfc2e1fa8fca48ac_<http://bookoutlet.com/Store/Browse/_/N-954>,religious fiction,,Evelyn Waugh,Chapman and Hall London,Brideshead Revisited,1945,,,,http://images.bookoutlet.com/covers/large/isbn978031/9780316216456-l.jpg,"Waugh, Evelyn",,Brideshead Revisited,,,
Q6992413,nodebfe1657bdd557c9d88c9e0f388935ce2_<https://www.kirkusreviews.com/book-reviews/evelyn-waugh/brideshead-revisited/>,religious fiction,,Evelyn Waugh,Chapman and Hall London,Brideshead Revisited,1945,,,,https://d3myrwj42s63no.cloudfront.net/180/031/604/299/4/0316042994.jpg,Evelyn Waugh,,BRIDESHEAD REVISITED,,,
Q6992413,nodeb7138d509b2646c2f7e81dcbcdc1136_<http://www.bookfinder.com/book/0316926345/>,religious fiction,,Evelyn Waugh,Chapman and Hall London,Brideshead Revisited,1945,,,,http://pictures.abebooks.com/isbn/9780316926348-us-300.jpg,"Waugh, Evelyn","Back Bay Books, 1999",Brideshead Revisited,,,
Q6992413,noded4cfe1f7f87c951447836b669aa6c_<http://www.bookdepository.com/Brideshead-Revisited-Evelyn-Waugh/9780316041560>,religious fiction,,Evelyn Waugh,Chapman and Hall London,Brideshead Revisited,1945,,,,http://d1w7fb2mkkr3kw.cloudfront.net/assets/images/book/large/9780/3160/9780316041560.jpg,Evelyn Waugh http://www.bookdepository.com/author/Evelyn-Waugh,"Little, Brown & Company http://www.bookdepository.com/publishers/Little-Brown-Company",Brideshead Revisited,01 Aug 2008,,
Q6992413,node5feb2df25dc569e4c23cd4c5d3e8ad1_<http://www.abebooks.com/products/isbn/9781602834866/9542435704>,religious fiction,,Evelyn Waugh,Chapman and Hall London,Brideshead Revisited,1945,,,,,Evelyn Waugh,BBC Audiobooks America,Brideshead Revisited,2008,,
Q6992413,nodeb39b79c1545b04040b3a2da9738ae_<https://www.bookshare.org/browse/book/588849?returnPath=L2Jyb3dzZS9hdXRob3I%252FbW9kdWxlTmFtZT1wdWJsaWMma2V5PUV2ZWx5biBXYXVnaCZyZXN1bHRzVmlldz1UQUJMRQ%253D%253D>,religious fiction,,Evelyn Waugh,Chapman and Hall London,Brideshead Revisited,1945,,,,,Evelyn Waugh,"Little, Brown and Company",Brideshead Revisited,12/11/12,,Evelyn Waugh
Q6992413,node211bb585dd8ea140e6294f03eb428de_<http://brothersjudd.com/index.cfm/fuseaction/reviews.detail/book_id/948>,religious fiction,,Evelyn Waugh,Chapman and Hall London,Brideshead Revisited,1945,,,,,http://brothersjudd.com/index.cfm/fuseaction/reviews.detail/book_id/948/index.cfm/fuseaction/reviews.authlist/author_id/784,,Brideshead Revisited,1945,,
Q6992413,node177b22fd5add714c655c3be1523af_<http://www.bookdepository.com/Decline-Fall-No-2-Evelyn-Waugh/9780141193427?b=-3&t=-20>,religious fiction,,Evelyn Waugh,Chapman and Hall London,Brideshead Revisited,1945,,,,,Evelyn Waugh,,Brideshead Revisited,04 Jul 2011,,
Q6992413,nodeed789da1d17eab6c27ea0968899db_<http://isbndb.com/author/nigel_havers>,religious fiction,,Evelyn Waugh,Chapman and Hall London,Brideshead Revisited,1945,,,,,http://isbndb.com/author/nigel_havers http://isbndb.com/author/waugh_evelyn,http://isbndb.com/publisher/csa_word,Brideshead Revisited,,,
Q6992413,node45704e9fb82749b96d9148b84db967e_<http://www.powells.com/book/brideshead-revisited-9780316216456>,religious fiction,,Evelyn Waugh,Chapman and Hall London,Brideshead Revisited,1945,,,,,Evelyn Waugh,,Brideshead Revisited,,,
Q6992413,node911acd9ade8be1a935a6597617d2dc35_<http://www.abebooks.com/book-search/title/brideshead-revisited/author/waugh/page-1/>,religious fiction,,Evelyn Waugh,Chapman and Hall London,Brideshead Revisited,1945,,,,,"Waugh, Evelyn",Back Bay Books,Brideshead Revisited,,,
Q6992413,node9dd5751f83e8346438d35277e5c2f847_<http://www.abebooks.com/book-search/title/brideshead-revisited/author/waugh/page-1/>,religious fiction,,Evelyn Waugh,Chapman and Hall London,Brideshead Revisited,1945,,,,,"Waugh, Evelyn",Back Bay Books,Brideshead Revisited,,,
Q6992413,node4f6c87f7e4462dce8a5228df496ecee_<http://www.abebooks.com/book-search/title/brideshead-revisited/author/waugh/page-1/>,religious fiction,,Evelyn Waugh,Chapman and Hall London,Brideshead Revisited,1945,,,,,"Waugh, Evelyn",Back Bay Books,Brideshead Revisited,,,
Q6992413,nodec6a4ae6c807228afd4f3d6f3a716ee_<http://www.abebooks.com/book-search/title/brideshead-revisited/author/waugh/page-1/>,religious fiction,,Evelyn Waugh,Chapman and Hall London,Brideshead Revisited,1945,,,,,"Waugh, Evelyn",Back Bay Books,Brideshead Revisited,,,
Q6992413,node83b0248442c0c83ca86b9e2c7ba336_<http://www.abebooks.com/book-search/title/brideshead-revisited/author/waugh/page-1/>,religious fiction,,Evelyn Waugh,Chapman and Hall London,Brideshead Revisited,1945,,,,,"Waugh, Evelyn",Back Bay Books,Brideshead Revisited,,,
Q6992413,node123dad2e4d8ee47dd6c0dfe1d824977a_<http://www.abebooks.com/book-search/title/brideshead-revisited/author/waugh/page-1/>,religious fiction,,Evelyn Waugh,Chapman and Hall London,Brideshead Revisited,1945,,,,,"Waugh, Evelyn",Back Bay Books,Brideshead Revisited,,,
Q6992413,node9251edbefb2c45d56835e4728a7084d8_<http://www.abebooks.com/book-search/title/brideshead-revisited/author/waugh/page-1/>,religious fiction,,Evelyn Waugh,Chapman and Hall London,Brideshead Revisited,1945,,,,,Evelyn Waugh,Little Brown and Company,Brideshead Revisited,1973,,
Q6992413,node2d7ea05242fdd99bcf129def24324e2e_<http://www.abebooks.com/book-search/title/brideshead-revisited/author/waugh/page-1/>,religious fiction,,Evelyn Waugh,Chapman and Hall London,Brideshead Revisited,1945,,,,,"Waugh, Evelyn",Back Bay Books,Brideshead Revisited,,,
Q6992413,nodebf35edc3dcbdfbb5454dfa508e1c218_<http://www.abebooks.com/book-search/title/brideshead-revisited/author/waugh/page-1/>,religious fiction,,Evelyn Waugh,Chapman and Hall London,Brideshead Revisited,1945,,,,,Evelyn Waugh,Back Bay Books,Brideshead Revisited,,,
Q6992413,nodefad0a67aca50a746932096572b4cd13_<http://www.abebooks.com/book-search/title/brideshead-revisited/author/waugh/page-1/>,religious fiction,,Evelyn Waugh,Chapman and Hall London,Brideshead Revisited,1945,,,,,"Waugh, Evelyn",Back Bay Books,Brideshead Revisited,,,
Q6992413,node28b94d989916b8854d367c79a80d443_<http://www.abebooks.com/book-search/title/brideshead-revisited/author/waugh/page-1/>,religious fiction,,Evelyn Waugh,Chapman and Hall London,Brideshead Revisited,1945,,,,,"Waugh, Evelyn",Back Bay Books,Brideshead Revisited,,,
Q6992413,nodec0a2ee7cc91ebaa87227eba63345221f_<http://www.abebooks.com/book-search/title/brideshead-revisited/author/waugh/page-1/>,religious fiction,,Evelyn Waugh,Chapman and Hall London,Brideshead Revisited,1945,,,,,Evelyn Waugh,Back Bay Books,Brideshead Revisited,,,
Q6992413,nodec0c049ff83bc5d99603e7c2c852afa_<http://www.abebooks.com/book-search/title/brideshead-revisited/author/waugh/page-1/>,religious fiction,,Evelyn Waugh,Chapman and Hall London,Brideshead Revisited,1945,,,,,"Waugh, Evelyn",Back Bay Books,Brideshead Revisited,,,
Q6992413,node354ed31aeddc518ec73df1c1474f1596_<http://www.abebooks.com/book-search/title/brideshead-revisited/author/waugh/page-1/>,religious fiction,,Evelyn Waugh,Chapman and Hall London,Brideshead Revisited,1945,,,,,"Waugh, Evelyn",Back Bay Books,Brideshead Revisited,,,
Q6992413,node6c6e15d46c9eb31527848e92985dc2be_<http://www.abebooks.com/book-search/title/brideshead-revisited/author/waugh/page-1/>,religious fiction,,Evelyn Waugh,Chapman and Hall London,Brideshead Revisited,1945,,,,,"Waugh, Evelyn",Back Bay Books,Brideshead Revisited,,,
Q6992413,nodeb65e33f46cd5a4789790b790bc13c375_<http://www.abebooks.com/book-search/title/brideshead-revisited/author/waugh/page-1/>,religious fiction,,Evelyn Waugh,Chapman and Hall London,Brideshead Revisited,1945,,,,,"Waugh, Evelyn",Back Bay Books,Brideshead Revisited,,,
Q6992413,node91993ed5bbea48be2d9655a6316aac_<http://www.brothersjudd.com/index.cfm/fuseaction/reviews.detail/book_id/948/Brideshead%20R.htm>,religious fiction,,Evelyn Waugh,Chapman and Hall London,Brideshead Revisited,1945,,,,,http://www.brothersjudd.com/index.cfm/fuseaction/reviews.detail/book_id/948/Brideshead%20R.htm/index.cfm/fuseaction/reviews.authlist/author_id/784,,Brideshead Revisited,1945,,
Q6992413,nodeed9686aaf493305c0f199ca2bfc1fa5_<http://modernmrsdarcy.com/2013/04/7-books-i-read-over-and-over-again/>,religious fiction,,Evelyn Waugh,Chapman and Hall London,Brideshead Revisited,1945,,,,http://modernmrsdarcy.com/wp-content/uploads/2013/04/brideshead.jpg,http://modernmrsdarcy.com/authors/evelyn-waugh/,,Brideshead Revisited,,,
Q6992413,node7e5f781d11838d41213574468e0a1de_<http://brothersjudd.com/index.cfm/fuseaction/reviews.detail/book_id/948/Brideshead%20R.htm>,religious fiction,,Evelyn Waugh,Chapman and Hall London,Brideshead Revisited,1945,,,,,http://brothersjudd.com/index.cfm/fuseaction/reviews.detail/book_id/948/Brideshead%20R.htm/index.cfm/fuseaction/reviews.authlist/author_id/784,,Brideshead Revisited,1945,,
Q1473891,noded69b88347cff0b8bb2b9dbd32f4617_<http://www.booktopia.com.au/abhorsen-garth-nix/prod9781743316603.html>,speculative fiction novel,,Garth Nix,HarperCollins,Abhorsen,2003,,,,,,,Abhorsen,,,
Q1473891,nodeb65551c3123647c13eecde48f0222b57_<https://www.kirkusreviews.com/lists/get-lost-worlds-fantasy/?page=12>,speculative fiction novel,,Garth Nix,HarperCollins,Abhorsen,2003,,,,https://d1ldy8a769gy68.cloudfront.net/180/006/027/825/0/0060278250.jpg,,,ABHORSEN,,,
Q1473891,node7243ca69b69a6ab3f7ef2d4db533766_<http://www.booktopia.com.au/abhorsen-garth-nix/prod9781741750201.html>,speculative fiction novel,,Garth Nix,HarperCollins,Abhorsen,2003,,,,,,,Abhorsen,,,
Q1473891,node9c5987fa4e659623a165db9d93216d5_<http://www.anobii.com/books/Abhorsen/9788842913030/01af8afeee3dd4b36e>,speculative fiction novel,,Garth Nix,HarperCollins,Abhorsen,2003,,,,http://image.anobii.com/anobi/image_book.php?item_id=01af8afeee3dd4b36e&time=&type=4,http://www.anobii.com/books/Abhorsen/9788842913030/01af8afeee3dd4b36e//contributors/Garth_Nix/345935,Nord,Abhorsen,01/01/2006,,
Q1473891,node1baac97ef49c5be303ca6952bfd6699_<https://www.bookshare.org/browse/book/359914?returnPath=L2Jyb3dzZS9hdXRob3I%2FbW9kdWxlTmFtZT1wdWJsaWMma2V5PUdhcnRoIE5peA%3D%3D>,speculative fiction novel,,Garth Nix,HarperCollins,Abhorsen,2003,,,,,Garth Nix,HarperCollins,Abhorsen,07/04/11,,Garth Nix
Q1473891,node392c6c55158fea123a64c44d7c0798_<http://www.bookdepository.com/category/307/Childrens-Literature-Studies-General/>,speculative fiction novel,,Garth Nix,HarperCollins,Abhorsen,2003,,,,,Garth Nix,,Abhorsen,03 Jan 2005,,
Q1473891,node179d862bedb7ed8dc36889179f4f4c7_<https://www.kirkusreviews.com/book-reviews/garth-nix/abhorsen/>,speculative fiction novel,,Garth Nix,HarperCollins,Abhorsen,2003,,,,https://d1ldy8a769gy68.cloudfront.net/180/006/027/825/0/0060278250.jpg,Garth Nix,,ABHORSEN,,,
Q1473891,nodebd46d5b86ee4bd52b864f5a9ada5364_<http://www.bookdepository.com/author/Garth-Nix>,speculative fiction novel,,Garth Nix,HarperCollins,Abhorsen,2003,,,,,Garth Nix,,Abhorsen,01 Feb 2004,,
Q1473891,node6bab5bd99a84bcb329f69e4cd3358196_<http://www.powells.com/book/abhorsen-03-abhorsen-9780060278250>,speculative fiction novel,,Garth Nix,HarperCollins,Abhorsen,2003,,,,,Garth Nix,,Abhorsen 03 Abhorsen,,,
Q1473891,node33e45fb78bdbb172f039c710e720b94e_<https://www.bookshare.org/browse/book/24241?returnPath=L2Jyb3dzZS9ncmFkZT9tb2R1bGVOYW1lPXB1YmxpYyZvZmZzZXQ9MjUmZ3JhZGU9RUxFVkVOVEhfR1JBREU%253D>,speculative fiction novel,,Garth Nix,HarperCollins,Abhorsen,2003,,,,,Garth Nix,N/A,The Abhorsen Trilogy,12/08/05,,Garth Nix
Q1473891,nodeef89c8664db15774e8dacdbe745c161f_<https://www.bookshare.org/browse/book/24241?returnPath=L2Jyb3dzZS9jYXRlZ29yeT9tb2R1bGVOYW1lPXB1YmxpYyZrZXk9U2NpZW5jZSBGaWN0aW9uIGFuZCBGYW50YXN5Jm9mZnNldD0yNQ%3D%3D>,speculative fiction novel,,Garth Nix,HarperCollins,Abhorsen,2003,,,,,Garth Nix,N/A,The Abhorsen Trilogy,12/08/05,,Garth Nix
Q1473891,nodef484524c87cc4ab7efcf123165bfb8e8_<http://www.bookdepository.com/author/Garth-Nix>,speculative fiction novel,,Garth Nix,HarperCollins,Abhorsen,2003,,,,,Garth Nix,,The Abhorsen Chronicles,01 Jan 2009,,
Q1473891,nodef72bc4ac76837f22e19750c18a9159a1_<http://www.harpercollins.com/books/9780061441820>,speculative fiction novel,,Garth Nix,HarperCollins,Abhorsen,2003,,,,,by Garth Nix,,The Abhorsen Chronicles,On Sale: 12/30/2008,,
Q1473891,node3d2513a2953fa413ba12a4cbb098f7_<http://www.harpercollins.com/books/9780060734190>,speculative fiction novel,,Garth Nix,HarperCollins,Abhorsen,2003,,,,,by Garth Nix,,The Abhorsen Trilogy Box Set,On Sale: 09/27/2005,,
Q1473891,nodeff5f2b36e16f247a4bdca1363017cdc7_<http://www.powells.com/book/abhorsen-01-sabriel-9780064471831>,speculative fiction novel,,Garth Nix,HarperCollins,Abhorsen,2003,,,,,Garth Nix,,Abhorsen 01 Sabriel,,,
Q1473891,nodeda85bedb9539c87ac34f7815a6d5f4e_<http://www.powells.com/book/abhorsen-02-lirael-9780060005429>,speculative fiction novel,,Garth Nix,HarperCollins,Abhorsen,2003,,,,,Garth Nix,,Abhorsen 02 Lirael,,,
Q1473891,nodee7719b45f867b914da8577654e48dfb_<http://www.goodreads.com/list/show/4794.Best_Young_Adult_Book_Series?order=d&page=1>,speculative fiction novel,,Garth Nix,HarperCollins,Abhorsen,2003,,,,,,,"Garth Nix The Abhorsen Trilogy Box Set (Abhorsen, #1-3)",,,
Q1473891,nodeb948cf6042ff2bbcceb87e2ddd45dc8_<http://www.goodreads.com/list/show/2985.Best_supernatural_Books_of_all_time>,speculative fiction novel,,Garth Nix,HarperCollins,Abhorsen,2003,,,,,,,"Sabriel (Abhorsen, #1) Garth Nix",,,
Q1473891,nodeca6649b7b9548690e335a46d88962052_<http://www.goodreads.com/list/user_vote/478063>,speculative fiction novel,,Garth Nix,HarperCollins,Abhorsen,2003,,,,,,,"Garth Nix Lirael (Abhorsen, #2)",,,
Q1473891,nodebdfd8c1d74d9cfcb396f595ad405b10_<http://www.powells.com/book/abhorsen-02-lirael-adult-edition-9780060590161>,speculative fiction novel,,Garth Nix,HarperCollins,Abhorsen,2003,,,,,Garth Nix,,Abhorsen 02 Lirael Adult Edition,,,
Q1473891,nodef6a6963d7ac9d6dc61d7b08213f7a92_<http://www.bookdepository.com/author/Garth-Nix>,speculative fiction novel,,Garth Nix,HarperCollins,Abhorsen,2003,,,,,Garth Nix,,The Abhorsen Trilogy 3 Volume Boxed Set,30 Sep 2005,,
Q7576367,node49c6d394bfb0201456c7ee3ae9ef31_<http://www.bookdepository.com/Red-Queen-Matt-Ridley/9780060556570?b=-3&t=-21>,,,Robin Baker,Fourth Estate,Sperm Wars,1996,,,,,Robin Baker,,Sperm Wars,03 Jan 2006,,
Q7576367,node2e26249916fc32907331148c72a919ae_<http://isbndb.com/subject/professional_technical_professional_science_biological_aaaa5/books>,,,Robin Baker,Fourth Estate,Sperm Wars,1996,,,,,http://isbndb.com/author/baker_robin,http://isbndb.com/publisher/basicbooks,Sperm wars: the science of sex,,,
Q7576367,nodee6a8736e534713bece777827d75265_<http://www.babelio.com/auteur/Robin-Baker/20458/bibliographie>,,,Robin Baker,Fourth Estate,Sperm Wars,1996,,,,,,,Sperm Wars : Les secrets de..,,,
Q7576367,nodee14afa6437281fc5b8fb2e536de8c1a8_<http://www.valorebooks.com/textbooks/sperm-wars-infidelity-sexual-conflict-and-other-bedroom-battles/9781560258483>,,,Robin Baker,Fourth Estate,Sperm Wars,1996,,,,http://img.valorebooks.com/W120/97/9781/978156/9781560258483.jpg,http://www.valorebooks.com/textbooks/sperm-wars-infidelity-sexual-conflict-and-other-bedroom-battles/9781560258483//author/Baker%2C+Robin,Transition Vendor,"Sperm Wars Infidelity, Sexual Conflict, And Other Bedroom Battles",2006,,
Q7115312,noded9e6bc753c2eb0a6567a8098aa8be1e7_<http://www.bookdepository.com/category/375/Reference/?b=155&t=271>,,,David Hugh Farmer,Oxford University Press,Oxford Dictionary of Saints,1978,,,,,David Farmer,,The Oxford Dictionary of Saints,04 Jun 2011,,
Q7115312,https://books.google.it/books/about/The_Oxford_Dictionary_of_Saints.html?id=lsNT9eUEzaIC,,,David Hugh Farmer,Oxford University Press,Oxford Dictionary of Saints,1978,,,,https://books.google.it/books/content?id=lsNT9eUEzaIC&printsec=frontcover&img=1&zoom=1&imgtk=AFLRE70St-4GOW1uzg3CeCoDBAuWOqIX6XUEGjrJG0iINWCmGH0P5HuxBaoLGNMmzYisP9uX2-liINO5afE6AVxxpPeyor6uyQz5IA3MuVKPzUrHEx4mwPrULkXlFcVb8-oSntF6RC-g,,,The Oxford Dictionary of Saints,,,
Q7115312,https://books.google.it/books/about/The_Oxford_Dictionary_of_Saints.html?id=lsNT9eUEzaIC,,,David Hugh Farmer,Oxford University Press,Oxford Dictionary of Saints,1978,,,,https://books.google.it/books/content?id=lsNT9eUEzaIC&printsec=frontcover&img=1&zoom=1&imgtk=AFLRE73hIj_PzGSKyhJwgsrxfi40UAGwoqFABH4ZcNw2CtiXgzzHYCXmu9ZJLbnS-jqwOtcB-JqYkROU2wT1UIHExeTFUHfy64xym3Rta5M6mP0VTTo0TPIk1sxNRFpmhxSgpqbmjoWk,,,The Oxford Dictionary of Saints,,,
Q7115312,https://books.google.com/books/about/The_Oxford_Dictionary_of_Saints.html?id=cRjn9aC8zhIC,,,David Hugh Farmer,Oxford University Press,Oxford Dictionary of Saints,1978,,,,https://books.google.com/books/content?id=cRjn9aC8zhIC&printsec=frontcover&img=1&zoom=1&edge=curl&imgtk=AFLRE72bZg-kmFMvoY8l2wHXR8ubz3ZXTmuNdpE90NUpHm39JOzQXAg3EsNbBoxkSJYeo0wSYWrb5riGiqx6EGCUEB32IYtXdgVrTNsQbYGQuFAfScF3MIPzdkxLAxLg0Gt5YuRTaQah,,,The Oxford Dictionary of Saints,,,
Q7115312,node18f6cb5199b8d65beb753fff05bb2bc_<http://www.bookdepository.com/author/David-Farmer>,,,David Hugh Farmer,Oxford University Press,Oxford Dictionary of Saints,1978,,,,,David Hugh Farmer,,The Oxford Dictionary of Saints,23 Sep 2004,,
Q7115312,https://books.google.co.uk/books/about/The_Oxford_Dictionary_of_Saints.html?id=cRjn9aC8zhIC,,,David Hugh Farmer,Oxford University Press,Oxford Dictionary of Saints,1978,,,,https://books.google.co.uk/books/content?id=cRjn9aC8zhIC&printsec=frontcover&img=1&zoom=1&edge=curl&imgtk=AFLRE71cIPrWfhRPaNB8lENtNil4yESqH5W4mD2yUGm4XYMRFU7e-NuauR6JjEUgxpZcX-ZBHElZZgG4wifnH4AHu6vq4HdBDbpHxJ9K1b4XhPKz5iPTgcPknN5gch19pLSmhiiUuRXJ,,,The Oxford Dictionary of Saints,,,
Q7115312,https://books.google.co.uk/books/about/The_Oxford_Dictionary_of_Saints.html?id=lsNT9eUEzaIC,,,David Hugh Farmer,Oxford University Press,Oxford Dictionary of Saints,1978,,,,https://books.google.co.uk/books/content?id=lsNT9eUEzaIC&printsec=frontcover&img=1&zoom=1&imgtk=AFLRE73LkQTi9z2biNkho0ER_HdwA5Gg-WIf7IcW5u-xpQiRO6nWMt9bddXW7q8pID5V1mRnh7kTBh-VX9huU05rIkwOyNAAcAaeGzekXmBgKNVGqN3fl4ozyjSruYlFZMSIHRp9f4pE,,,The Oxford Dictionary of Saints,,,
Q7115312,https://books.google.com.au/books/about/The_Oxford_Dictionary_of_Saints_Fifth_Ed.html?id=_zJJtvK2_KsC,,,David Hugh Farmer,Oxford University Press,Oxford Dictionary of Saints,1978,,,,https://books.google.com.au/books/content?id=_zJJtvK2_KsC&printsec=frontcover&img=1&zoom=1&edge=curl&imgtk=AFLRE73C5YfobQPkToGzpqaLo4wcqW28_WPe3i0OFE7V9EPNwOogxRIsKFJNI699nMMOshgJsrGPJK0tghzh4Iymzy54KTwxX30ZM5PvP5xTSjvZLiQcHEFdEn9UbJU7dk2bQ0QBPaaj,,,"The Oxford Dictionary of Saints, Fifth Edition Revised",,,
Q7115312,https://books.google.com/books/about/The_Oxford_Dictionary_of_Saints_Fifth_Ed.html?id=_zJJtvK2_KsC,,,David Hugh Farmer,Oxford University Press,Oxford Dictionary of Saints,1978,,,,https://books.google.com/books/content?id=_zJJtvK2_KsC&printsec=frontcover&img=1&zoom=1&edge=curl&imgtk=AFLRE72pzDMJoeneNOob7HxnuqA-2d3BcPlnd3snmI7v6FF5lIZ2mtztA5U7YEYcwKQNV_4wweqMa25LAUgUaZkL6Ke44Qo08LWxcTDKVEko5tY_qubzEpQI9CkWcyHEJE_G_L3ISE3q,,,"The Oxford Dictionary of Saints, Fifth Edition Revised",,,
Q7740888,https://books.google.com/books/about/The_Human_Use_of_Human_Beings.html?id=l9l6zquHvZIC,,,Norbert Wiener,Houghton Mifflin Harcourt,The Human Use of Human Beings,1950,,,,https://books.google.com/books/content?id=l9l6zquHvZIC&printsec=frontcover&img=1&zoom=1&edge=curl&imgtk=AFLRE71zYALrxp8uuLfihcqCOMUiesBX4hLBh_aBMYFfWuOgXnnQu57Qr7o4F1DZgSVqtpijTL38Hk68BgCQlauxdaHO7YD0q0vvlP4RA9HLIN98PihHqfYahuIt7pb4Nu9PNCA2FXq_,,,The Human Use of Human Beings,,,
Q7740888,https://books.google.com/books/about/The_Human_Use_of_Human_Beings.html?id=l9l6zquHvZIC,,,Norbert Wiener,Houghton Mifflin Harcourt,The Human Use of Human Beings,1950,,,,https://books.google.com/books/content?id=l9l6zquHvZIC&printsec=frontcover&img=1&zoom=1&edge=curl&imgtk=AFLRE71JdYFhbldGAmR-Y2hBxiOKF_aDZ75ZvZmU3Y2bDWdqHT2NhiKJpdALxDXsfwwcWs7oaN6n6CvnFNcZoqJ05q_N7KPWj2019W6K8PWyTEnfB1eiNMQ4OTvacBrXVkl3KKAN6dGY,,,The Human Use of Human Beings,,,
Q7740888,https://books.google.com/books/about/The_Human_Use_of_Human_Beings.html?id=l9l6zquHvZIC,,,Norbert Wiener,Houghton Mifflin Harcourt,The Human Use of Human Beings,1950,,,,https://books.google.com/books/content?id=l9l6zquHvZIC&printsec=frontcover&img=1&zoom=1&edge=curl&imgtk=AFLRE71Pa2Ka8DE8yRe7OaotywE3kEBdmsH_wWHItyhXeghXiuQjcXPpxHAvj7o0GHS7HQtQE7TRktldrHNiW8RM4nH8cQrXSwkAz-42QKXPAJ1Nor8KcxokyqGQ1JGjQRrrfbFpdNQ7,,,The Human Use of Human Beings,,,
Q7740888,node2da9158a7e888ee91323b03cc36454b3_<http://philpapers.org/rec/WIETHU>,,,Norbert Wiener,Houghton Mifflin Harcourt,The Human Use of Human Beings,1950,,,,,Norbert Wiener,,The Human Use of Human Beings,,,
Q7740888,nodef363e6c4e0a952ffd51df6dc4739cd80_<http://www.powells.com/book/the-human-use-of-human-beings-9780306803208>,,,Norbert Wiener,Houghton Mifflin Harcourt,The Human Use of Human Beings,1950,,,,,Norbert Wiener,,The Human Use of Human Beings,,,
Q7740888,https://books.google.com/books/about/The_Human_Use_of_Human_Beings.html?id=l9l6zquHvZIC&q=Vannevar+Bush,,,Norbert Wiener,Houghton Mifflin Harcourt,The Human Use of Human Beings,1950,,,,https://books.google.com/books/content?id=l9l6zquHvZIC&printsec=frontcover&img=1&zoom=1&edge=curl&imgtk=AFLRE70a9_-WtAfWoCT7MVVAjGy5T2PhEwqGS5ywsdXZsVM7y_pg3ckXM8oBK_goz8fb4YXI39v6mDjb3aOTBAQsMX1Re2hdrWvyoex2adHGLPM08EfgYjHvxzTEGbnksbql_G9sBV4f,,,The Human Use of Human Beings,,,
Q4658518,node84dbb87e7a5b992646ff5f543ffda60_<https://www.kirkusreviews.com/author/ruth-rendell/>,,,Ruth Rendell,The Crime Club,A New Lease of Death,1967,,,,https://d1ldy8a769gy68.cloudfront.net/180/009/953/479/7/0099534797.jpg,,,A NEW LEASE OF DEATH,,,
Q4658518,node31dc4faa3e469324d498c0d5456fc6_<https://www.kirkusreviews.com/book-reviews/ruth-rendell/a-new-lease-of-death/>,,,Ruth Rendell,The Crime Club,A New Lease of Death,1967,,,,https://d1ldy8a769gy68.cloudfront.net/180/009/953/479/7/0099534797.jpg,Ruth Rendell,,A NEW LEASE OF DEATH,,,
Q4658518,nodeacb4a81b264f80bf8a62451dd5f6741e_<http://www.fictiondb.com/author/ruth-rendell~22946.htm>,,,Ruth Rendell,The Crime Club,A New Lease of Death,1967,,,Police/Detective/Law Enforcement,,Ruth Rendell,,A New Lease of Death / Sins of the Fathers,1967-01-15,,
Q4658518,node2623ffe6447387b9f5928bd70c5393b_<http://www.goodreads.com/list/show/16521.Ruth_Rendell_Barbara_Vine_Complete_Novels>,,,Ruth Rendell,The Crime Club,A New Lease of Death,1967,,,,,,,A New Lease of Death Ruth Rendell,,,
Q5243363,nodee69315622592241ab19abc57bf7ec54_<https://www.kirkusreviews.com/book-reviews/michael-gregorio/days-of-atonement-2/>,crime fiction,,Michael Gregorio,Faber & Faber,Days of Atonement,2007,,,,https://d1ldy8a769gy68.cloudfront.net/180/978/031/237/644/4/9780312376444.jpg,Michael Gregorio,,DAYS OF ATONEMENT,,,
Q5243363,nodea14aac8ae3a196d17571b579453caa_<http://www.goodreads.com/book/show/6373705-days-of-atonement>,crime fiction,,Michael Gregorio,Faber & Faber,Days of Atonement,2007,,,,http://www.goodreads.com/book/show/6373705-days-of-atonement//book/photo/6373705-days-of-atonement,,,Michael Gregorio Days of Atonement (Hanno Stiffeniis #2),,,
Q7761599,node21ceee53907fd9ed6485d4598f8b57f_<http://www.fictiondb.com/author/ruth-rendell~22946.htm>,crime novel,,Ruth Rendell,Hutchinson|Crown Publishing Group|Doubleday,The Rottweiler,2003,,,Suspense,,Ruth Rendell,,The Rottweiler,2003-11-01,,
Q7761599,nodea416927c9cff2a9d448456d491d94ab_<http://www.ew.com/article/2004/11/19/rottweiler>,crime novel,,Ruth Rendell,Hutchinson|Crown Publishing Group|Doubleday,The Rottweiler,2003,,,"Fiction, Mystery and Thriller",,Ruth Rendell,Crown,The Rottweiler,2004-11-19,,
Q7761599,node13f5a0341961b2b31e6d9da9a388fcb_<https://literature.britishcouncil.org/writer/ruth-rendell/>,crime novel,,Ruth Rendell,Hutchinson|Crown Publishing Group|Doubleday,The Rottweiler,2003,,,,,,,The Rottweiler,2003,,
Q7761599,node2d55a3bffb587b4427c7fe1c6fac4a4_<http://www.goodreads.com/list/show/16521.Ruth_Rendell_Barbara_Vine_Complete_Novels>,crime novel,,Ruth Rendell,Hutchinson|Crown Publishing Group|Doubleday,The Rottweiler,2003,,,,,,,Ruth Rendell The Rottweiler,,,
Q7761599,node34e68a6fcde546524a46d336505babec_<http://www.goodreads.com/book/show/83408.The_Rottweiler>,crime novel,,Ruth Rendell,Hutchinson|Crown Publishing Group|Doubleday,The Rottweiler,2003,,,,http://www.goodreads.com/book/show/83408.The_Rottweiler//book/photo/83408.The_Rottweiler,,,Ruth Rendell The Rottweiler,,,
Q7761599,nodead7589ceb01bb57725d221157162e18d_<http://www.goodreads.com/book/show/83408.The_Rottweiler?a=5&origin=related_works>,crime novel,,Ruth Rendell,Hutchinson|Crown Publishing Group|Doubleday,The Rottweiler,2003,,,,http://www.goodreads.com/book/show/83408.The_Rottweiler?a=5&origin=related_works//book/photo/83408.The_Rottweiler,,,Ruth Rendell The Rottweiler,,,
Q5491492,node8444f8f71fafec814b4b1962127f0_<http://www.abebooks.com/book-search/author/walt-whitman/pics/sortby/1/page-1/>,,,Walt Whitman,,Franklin Evans,1842,,public domain|public domain,,,"Whitman, Walt (Walter)","J. Winchester, New York",Franklin Evans; or the Inebriate. a Tale of the Times,1842,,
Q5491492,nodeda84a6c20c3639a4844e7cbd5a98351_<http://isbndb.com/author/whitman_walt/books>,,,Walt Whitman,,Franklin Evans,1842,,public domain|public domain,,,http://isbndb.com/author/whitman_walt http://isbndb.com/author/hendler_glenn http://isbndb.com/author/castiglia_christopher,http://isbndb.com/publisher/duke_university_press,"Franklin Evans, or The inebriate: a tale of the times",,,
Q5491492,node67651e3db660d3a93c726034ac22e8_<http://isbndb.com/author/whitman_walt/books>,,,Walt Whitman,,Franklin Evans,1842,,public domain|public domain,,,http://isbndb.com/author/whitman_walt http://isbndb.com/author/hendler_glenn http://isbndb.com/author/castiglia_christopher,http://isbndb.com/publisher/duke_university_press,"Franklin Evans, or The inebriate: a tale of the times",,,
Q5491492,noded181f03dbcdc7a8549c2f28054423c20_<http://isbndb.com/author/whitman_walt/books>,,,Walt Whitman,,Franklin Evans,1842,,public domain|public domain,,,http://isbndb.com/author/whitman_walt http://isbndb.com/author/hendler_glenn http://isbndb.com/author/castiglia_christopher,http://isbndb.com/publisher/duke_university_press,"Franklin Evans, or The inebriate a tale of the times",,,
Q7561595,https://books.google.ca/books/about/Songs_of_the_Great_Dominion.html?id=7RpaAAAAMAAJ,,,,,Songs of the Great Dominion,1889,,public domain,,https://books.google.ca/books/content?id=7RpaAAAAMAAJ&printsec=frontcover&img=1&zoom=1&edge=curl&imgtk=AFLRE709Pi3_r4j354Zz53iRpllv2bqCk3WG7MPfU4sHkV8wiWMysV9CF_srHM8pLDSo8WkFS9xNha0jgP2lEd2ZebJH-tCRKd6V7hfzDJTtDbMSwo3_pQHQ7EfUonyvTlMS9d3jIGrK,,,Songs of the Great Dominion,,,
Q5985110,node35495681395af6a66e2dc9b4d85fdbf_<http://www.bookdepository.com/author/Brian-Greene>,science fiction novel,,Brian Greene,Alfred A. Knopf,Icarus at the Edge of Time,2008,,,,,Brian Greene,,Icarus at the Edge of Time,02 Sep 2008,,
Q13164900,nodeafa7832a1dfb8d4882b2ee538ee4eb3d_<https://play.google.com/store/books/details?id=P1nG8Ji35CQC>,,,,,A revolution is not a dinner party,,,,https://play.google.com/store/books/details?id=P1nG8Ji35CQC//store/search?q=subject:%22Juvenile+Fiction+/+Biographical+/+General%22&c=books https://play.google.com/store/books/details?id=P1nG8Ji35CQC//store/books/category/coll_1696 https://play.google.com/store/books/details?id=P1nG8Ji35CQC//store/search?q=subject:%22Juvenile+Fiction+/+Historical+/+Asia%22&c=books https://play.google.com/store/books/details?id=P1nG8Ji35CQC//store/search?q=subject:%22Juvenile+Nonfiction+/+Girls+%26+Women%22&c=books https://play.google.com/store/books/details?id=P1nG8Ji35CQC//store/books/category/coll_1689 https://play.google.com/store/books/details?id=P1nG8Ji35CQC//store/books/category/coll_1699 https://play.google.com/store/books/details?id=P1nG8Ji35CQC//store/search?q=subject:%22Juvenile+Fiction+/+People+%26+Places+/+Asia%22&c=books,https://books.google.com/books/content/images/frontcover/P1nG8Ji35CQC?fife=w300,"""Ying Chang Compestine""@en_us",,""" Revolution Is Not a Dinner Party ""@en_us","""September 29, 2009""@en_us",,
Q13164900,nodee19157fcd018f89871cca1542d3cac45_<https://www.bookshare.org/browse/book/42278?returnPath=L2Jyb3dzZS9wb3B1bGFyP21vZHVsZU5hbWU9cHVibGljJm9mZnNldD02Nzk1MA%253D%253D>,,,,,A revolution is not a dinner party,,,,,,Ying Chang Compestine,N/A,Revolution Is Not a Dinner Party,08/28/08,,Ying Chang Compestine
Q13164900,node5639e83a8b433f75c5bd8d131b0c5a5_<http://www.booktopia.com.au/ebooks/revolution-is-not-a-dinner-party-ying-chang-compestine/prod9781742282299.html>,,,,,A revolution is not a dinner party,,,,,,,,Revolution is not a Dinner Party,,,
Q13164900,node465de5ecc1172256ff2a4fa8b55461b_<https://www.kirkusreviews.com/book-reviews/ying-chang-compestine/revolution-is-not-a-dinner-party/>,,,,,A revolution is not a dinner party,,,,,https://d3myrwj42s63no.cloudfront.net/180/978/080/508/207/4/9780805082074.jpg,Ying Chang Compestine,,REVOLUTION IS NOT A DINNER PARTY,,,
Q1090238,node307f431e5257ca49ffa6d8284c5cb20_<https://www.bookshare.org/browse/book/484253?returnPath=L2Jyb3dzZS9hdXRob3I%2FbW9kdWxlTmFtZT1wdWJsaWMma2V5PVBoaWxpcCBLLiBEaWNr>,science fiction,Visszafelé világ.jpg,Philip K. Dick,Berkley Books,Counter-Clock World,1967,,,,,Philip K. Dick,Houghton Mifflin Harcourt,Counter-Clock World,04/17/12,,Philip K. Dick
Q5281119,node726b823bc812c736796963f17edbaf_<http://www.fictiondb.com/author/stephen-hunter~20630.htm>,,,Stephen Hunter,Dell Publishing,Dirty White Boys,1995,,,Thriller,,Stephen Hunter,,Dirty White Boys,1994-11-01,,
Q5281119,node786e727ca5093979d30ada96428e36a_<https://www.bookshare.org/browse/book/325055?returnPath=L2Jyb3dzZS9hdXRob3I%252FbW9kdWxlTmFtZT1wdWJsaWMma2V5PVN0ZXBoZW4gSHVudGVy>,,,Stephen Hunter,Dell Publishing,Dirty White Boys,1995,,,,,Stephen Hunter,Random House Publishing Group,Dirty White Boys,05/05/11,,Stephen Hunter
Q5281119,node929b15e739bd6f8cf675bfe4ccdfb_<http://www.ew.com/article/1994/12/23/dirty-white-boys>,,,Stephen Hunter,Dell Publishing,Dirty White Boys,1995,,,"Fiction, True Crime",,Stephen Hunter,,Dirty White Boys,1994-12-23,,
Q4747544,node994e7fccb27e7e36f26c6b955d4246d2_<https://literature.britishcouncil.org/writer/v-s-naipaul>,travel literature,,V. S. Naipaul,,Among the Believers,1981,,,,,,,Among the Believers: An Islamic Journey,1981,,
Q4747544,nodeb0a37e12fa7418b74fdcce2211b4a67f_<https://www.waterstones.com/ebook/among-the-believers/v-s-naipaul/9781447209362>,travel literature,,V. S. Naipaul,,Among the Believers,1981,,,,http://images.contentreserve.com/ImageType-100/1567-1/{C50AB018-1B9D-4307-B178-E15971CD69FF}Img100.jpg,V. S. Naipaul,Pan Macmillan,Among the Believers: An Islamic Journey (eBook),2012-03-22,,
Q264571,node3df4434aaa415fec23d6785c375bca8b_<https://www.kirkusreviews.com/book-reviews/darren-shan/lord-loss/>,children's literature|horror novel,,Darren O'Shaughnessy,HarperCollins,Lord Loss,2005,,,,https://d3myrwj42s63no.cloudfront.net/180/031/611/499/5/0316114995.jpg,Darren Shan,,LORD LOSS,,,
Q264571,nodef2d72a7db4928c2c8b8f2b811bb2d6_<http://www.powells.com/book/demonata-01-lord-loss-9780316114998>,children's literature|horror novel,,Darren O'Shaughnessy,HarperCollins,Lord Loss,2005,,,,,Darren Shan,,Demonata 01 Lord Loss,,,
Q264571,nodedab5a7562748836a82765fb5e2933238_<http://www.goodreads.com/list/show/7368.Best_Books_for_Older_Teen_Boys>,children's literature|horror novel,,Darren O'Shaughnessy,HarperCollins,Lord Loss,2005,,,,,,,"Lord Loss (The Demonata, #1) Darren Shan",,,
Q264571,node2c8b18fa66d537d32c19149acefd698_<http://www.goodreads.com/book/show/164719.Lord_Loss>,children's literature|horror novel,,Darren O'Shaughnessy,HarperCollins,Lord Loss,2005,,,,http://www.goodreads.com/book/show/164719.Lord_Loss//book/photo/164719.Lord_Loss,,,Lord Loss (The Demonata #1) Darren Shan,,,
Q676256,node5d457f7c7e89340111464a597396d25_<http://www.mtcspiritwear.com/>,speculative fiction|science fiction,,Lois McMaster Bujold,Baen Books,The Warrior's Apprentice,1986,United States of America,,,http://d.gr-assets.com/books/1292969594l/9979037.jpg,"Lois McMaster Bujold, Mihaela Velina",,The Warrior's Apprentice,,,
Q676256,node4d27dcc818858320cfae7d904077f6b1_<https://www.bookshare.org/browse/book/297807?returnPath=L2Jyb3dzZS9wb3B1bGFyP21vZHVsZU5hbWU9cHVibGljJm9mZnNldD04NzQ3NQ%253D%253D>,speculative fiction|science fiction,,Lois McMaster Bujold,Baen Books,The Warrior's Apprentice,1986,United States of America,,,,Lois Mcmaster Bujold,Baen Books,The Warrior's Apprentice (Miles Vorkosigan #1),12/16/13,,Lois McMaster Bujold
Q7620485,nodeeaaaedf157cd998ed561fc518fda896_<http://www.alibris.com/booksearch?qisbn=9780312420284&qwork=6367466&qsort=p>,,,Amy Thomson,,Storyteller,2003,,,,http://www1.alibris-static.com/the-storyteller/isbn/9780312420284_l.jpg,http://www.alibris.com/booksearch?qisbn=9780312420284&qwork=6367466&qsort=p//search/books/author/Mario-Vargas-Llosa?aid=5203768 http://www.alibris.com/booksearch?qisbn=9780312420284&qwork=6367466&qsort=p//search/books/author/Helen-Lane?aid=2851104,Picador USA,The Storyteller,2001,,
Q7620485,node96afab954da1bdc8dafc69de5e32ee9_<https://www.kirkusreviews.com/book-reviews/helen-lane/storyteller-4/>,,,Amy Thomson,,Storyteller,2003,,,,https://d3myrwj42s63no.cloudfront.net/180/031/242/028/5/0312420285.jpg,Helen Lane Mario Vargas Llosa,,THE STORYTELLER,,,
Q7620485,node53fa276b4bd57ed902f3f1c39408c9c_<http://www.chegg.com/textbooks/the-storyteller-1st-edition-9780140143492-0140143491?ii=3&trackid=6095d750&omre_ir=0&omre_sp=>,,,Amy Thomson,,Storyteller,2003,,,,http://c.cheggcdn.com/covers2/90000/95418_1263914188.jpg,Helen Lane Mario Vargas Llosa,Penguin Books,The Storyteller,,,
Q7620485,node346796966b84301ac4194d565133b9bd_<http://www.chegg.com/textbooks/the-storyteller-1st-edition-9780312420284-0312420285?ii=2&trackid=deeaed54&omre_ir=1&omre_sp=>,,,Amy Thomson,,Storyteller,2003,,,,http://c.cheggcdn.com/covers2/120000/123582_1307134147.jpg,Helen Lane Mario Vargas Llosa,Picador,The Storyteller,,,
Q7620485,node72b4fd10ba177c9c74253969ab80cd50_<http://www.powells.com/book/the-storyteller-9780312420284>,,,Amy Thomson,,Storyteller,2003,,,,,Mario Vargas Llosa and Helen Lane,,The Storyteller,,,
Q5918795,https://books.google.com/books/about/How_to_Talk_Dirty_and_Influence_People.html?id=vu8ubb678_EC,,,Lenny Bruce,,How to Talk Dirty and Influence People,1965,,,,https://books.google.com/books/content?id=vu8ubb678_EC&printsec=frontcover&img=1&zoom=1&edge=curl&imgtk=AFLRE72o2dxmN7aJjQ1rALU9VkjVXQeVLcGFiOHEUpaPVZOVRHXvrYfClMZ0QxxWB289LD8mWBRiV_XTHSNVHETDqnPZ0NnWC1BlT-h4eylpf5C0SazcWb4pm8A_Zze5BUsoUPws1Kd5,,,How to Talk Dirty and Influence People,,,
Q5918795,nodefa14217dd5ec7011637091a6e9f451e9_<https://www.bookshare.org/browse/book/35944?returnPath=L2Jyb3dzZS9wb3B1bGFyP21vZHVsZU5hbWU9cHVibGljJm9mZnNldD00ODUyNQ%253D%253D>,,,Lenny Bruce,,How to Talk Dirty and Influence People,1965,,,,,Lenny Bruce,N/A,How to Talk Dirty and Influence People: An Autobiography,12/19/12,,Playboy
Q3202885,node6efde2b06eff29329edde53fe27fee9b_<https://www.kirkusreviews.com/author/sean-mcmullen/>,science fiction novel,,Sean McMullen,,The Centurion's Empire,1998,,,,https://d1ldy8a769gy68.cloudfront.net/180/031/285/131/6/0312851316.jpg,,,THE CENTURION'S EMPIRE,,,
Q3202885,nodee46b41df9a3d4a6fcc098603e50907d_<https://www.kirkusreviews.com/book-reviews/sean-mcmullen/the-centurions-empire/>,science fiction novel,,Sean McMullen,,The Centurion's Empire,1998,,,,https://d1ldy8a769gy68.cloudfront.net/180/031/285/131/6/0312851316.jpg,Sean McMullen,,THE CENTURION'S EMPIRE,,,
