,id,genre,image,author,publisher,title,datePublished,publication,copyrightHolder
0,node1ab1215317a336c78f36d66cc89a_<https://www.kirkusreviews.com/book-series/wicked-lovely/>,,https://d3myrwj42s63no.cloudfront.net/180/978/006/165/925/6/9780061659256.jpg,,,DARKEST MERCY,,,
1,nodeac66770feb8c65b849bd65cba39f5_<http://www.boomerangbooks.com.au/Darkest-Mercy/Melissa-Marr/book_9780061659256.htm>,,http://bookcovers.BoomerangBooks.com.au/Large/256/9780061659256.jpg?1448670428194,http://www.boomerangbooks.com.au/Darkest-Mercy/Melissa-Marr/book_9780061659256.htm/#,HarperCollins Publishers Inc,Darkest Mercy,,,
2,node1adf19d752a5f91eb6eb5afeab261e6_<https://www.kirkusreviews.com/book-reviews/melissa-marr/darkest-mercy/>,,https://d3myrwj42s63no.cloudfront.net/180/978/006/165/925/6/9780061659256.jpg,Melissa Marr,,DARKEST MERCY,,,
3,node1caf66fafe45bda7b6a9ba51ffe94a_<http://www.harpercollins.com/books/9780061659270>,,,by Melissa Marr,,Darkest Mercy,On Sale: 02/21/2012,,
4,node3d8d2bc2ced0685dfc97bb41c0db63_<http://www.harpercollins.com/books/9780061659270>,,,by Melissa Marr,,Darkest Mercy,On Sale: 02/21/2012,,
5,node772f881b5d6892e63b5d16275724bbe3_<http://www.bookdepository.com/author/Melissa-Marr>,,,Melissa Marr,,Darkest Mercy,21 Feb 2012,,
6,nodebc752f7c652f8c83d19deb7239d2ded_<http://www.bookdepository.com/author/Melissa-Marr>,,,Melissa Marr,,Darkest Mercy,03 Mar 2011,,
7,node3abb914269619b4577e7fc7f22baf3_<http://www.harpercollins.com/books/9780062078377>,,,by Melissa Marr,,Darkest Mercy,On Sale: 02/22/2011,,
8,node51e53a6277a4f0d4926191cf515368a5_<http://www.harpercollins.com/books/9780062062000>,,,by Melissa Marr,,Darkest Mercy,On Sale: 02/22/2011,,
9,nodec0b9dda2f81562daeb9f580aec1497c_<http://www.goodreads.com/list/user_vote/720869>,,,,,"Darkest Mercy (Wicked Lovely, #5)",,,
10,node1fdb99b37af03ffa45de2acff1337b1e_<http://www.goodreads.com/list/show/7259.Best_Faery_books_ever_>,,,,,Melissa Marr,,,
11,node70fea73f1ceeab1287d9ecd74026ef55_<http://www.harpercollins.com/books/9780061750496>,,,by Gregg Hurwitz,,The Program,On Sale: 10/13/2009,,
12,node536bfb390a727875338cf556d3b6f79_<http://www.bookdepository.com/author/David-Walsh>,,,David Walsh,,The Program,08 Oct 2015,,
13,node1bbbe1d431dc1cd649bc5e62cc286f9_<https://www.kirkusreviews.com/book-reviews/gregg-hurwitz/the-program-2/>,,https://d3myrwj42s63no.cloudfront.net/180/006/053/040/5/0060530405.jpg,Gregg Hurwitz,,THE PROGRAM,,,
14,node3920b3623f38e6a5f5af1e9d20b5bf_<http://www.harpercollins.com/books/9780060530419>,,,by Gregg Hurwitz,,The Program,On Sale: 08/30/2005,,
15,nodec1824fc23f8ab47370124bb479222c_<http://www.harpercollins.com/books/9780060530419>,,,by Gregg Hurwitz,,The Program,On Sale: 08/30/2005,,
16,nodec9fe9b47e9479113510ad4f726d64_<https://itunes.apple.com/us/book/id449868241?ign-mpt=uo%3D4>,Romance,http://a2.mzstatic.com/us/r30/Publication4/v4/cf/d6/1d/cfd61db0-bbde-43e1-945a-1dc086f1b919/cover225x225.jpeg,Suzanne Young,Simon Pulse,The Program,,,
17,node95cf85acfad68c1668c861c31ea3_<http://www.harpercollins.com/9780060530419/the-program>,,,by Gregg Hurwitz,,The Program,On Sale: 08/30/2005,,
18,nodefd2a6482fb9ff03031bf224d25f43c9_<http://www.alibris.com/booksearch?qwork=5403281&qcond=6&matches=34&qsort=p&cm_sp=1rec-_-RHS-_-p1-0>,,http://www3.alibris-static.com/the-program/isbn/9780440237266_l.jpg,http://www.alibris.com/booksearch?qwork=5403281&qcond=6&matches=34&qsort=p&cm_sp=1rec-_-RHS-_-p1-0//search/books/author/Stephen-Walsh-White?aid=5408548,,The Program,,,
19,nodea4e19fdaf57572b38e8b27596b0fc9d_<https://www.kirkusreviews.com/book-reviews/suzanne-young/program/>,,https://d1ldy8a769gy68.cloudfront.net/180/978/144/244/580/2/9781442445802.jpg,Suzanne Young,,THE PROGRAM,,,
20,node1484a6ca5885e522cebfe2939eda7_<http://www.harpercollins.com/books/9780060786427>,,,by Gregg Hurwitz,,The Program,On Sale: 08/31/2004,,
21,node7bce1a591dbb1da51e2edc721a15c7_<https://www.kirkusreviews.com/author/stephen-white/>,,https://d3myrwj42s63no.cloudfront.net/180/038/549/903/5/0385499035.jpg,,,THE PROGRAM,,,
22,https://books.google.com/books/about/Brideshead_Revisited.html?id=_R0rAAAAIAAJ,,https://books.google.com/books/content?id=_R0rAAAAIAAJ&printsec=frontcover&img=1&zoom=1&imgtk=AFLRE728tifBfo5hGltZZECvSsSkPjZRduJZD4isQaSTv0hHmAxehxD1JVJjPl3tKTu0r7jXOsaPnNjIu_hXb1_thvHN2oR4IIG_PF6fbtA2FatZcWvJBRTnUVI8CdEMJ98OkrP6hh_Y,,,Brideshead Revisited,,,
23,nodef550956fa16b41d49967e0496e924f_<http://www.abebooks.com/products/isbn/9780316926348/9061569694>,,http://isbn.abebooks.com/lbr/md/45/31/brideshead-revisited/md0316926345.jpg,"Waugh, Evelyn",Back Bay Books,Brideshead Revisited,1999,,
24,nodea8724a8cdd23428bfc2e1fa8fca48ac_<http://bookoutlet.com/Store/Browse/_/N-954>,,http://images.bookoutlet.com/covers/large/isbn978031/9780316216456-l.jpg,"Waugh, Evelyn",,Brideshead Revisited,,,
25,nodebfe1657bdd557c9d88c9e0f388935ce2_<https://www.kirkusreviews.com/book-reviews/evelyn-waugh/brideshead-revisited/>,,https://d3myrwj42s63no.cloudfront.net/180/031/604/299/4/0316042994.jpg,Evelyn Waugh,,BRIDESHEAD REVISITED,,,
26,https://books.google.com/books/about/Brideshead_Revisited.html?id=_R0rAAAAIAAJ,,https://books.google.com/books/content?id=_R0rAAAAIAAJ&printsec=frontcover&img=1&zoom=1&imgtk=AFLRE72eseYoR06rhZKXy7ttRUppz1AndWL-n6y058zfxSXLOOM7v9ALyIm7lEXUyzh-wTI94ibaGUAC9zOF5sEitIOlxiuEd8epvk-c_bKRrZ8VgSK1iloJxCGkCoaZ_W5jk20qy_Lw,,,Brideshead Revisited,,,
27,nodeb7138d509b2646c2f7e81dcbcdc1136_<http://www.bookfinder.com/book/0316926345/>,,http://pictures.abebooks.com/isbn/9780316926348-us-300.jpg,"Waugh, Evelyn","Back Bay Books, 1999",Brideshead Revisited,,,
28,https://books.google.com/books/about/Brideshead_Revisited.html?id=_R0rAAAAIAAJ,,https://books.google.com/books/content?id=_R0rAAAAIAAJ&printsec=frontcover&img=1&zoom=1&imgtk=AFLRE71b77JDDlXrHp8xJH4MhseJOKwVUS7Ur1hW_eQT3ZR0Cz3cqMjeU04sL4J5almV-4DQyS8gD8yw2m8q9xftS3vOxFHynG04lkpLyGKmSYbMocHD7Iml-S4bMj80w0ZhaprBQ6RF,,,Brideshead Revisited,,,
29,noded4cfe1f7f87c951447836b669aa6c_<http://www.bookdepository.com/Brideshead-Revisited-Evelyn-Waugh/9780316041560>,,http://d1w7fb2mkkr3kw.cloudfront.net/assets/images/book/large/9780/3160/9780316041560.jpg,Evelyn Waugh,"Little, Brown & Company",Brideshead Revisited,01 Aug 2008,,
30,https://books.google.com/books/about/Brideshead_Revisited.html?id=_R0rAAAAIAAJ,,https://books.google.com/books/content?id=_R0rAAAAIAAJ&printsec=frontcover&img=1&zoom=1&imgtk=AFLRE72qXiIRBaotiGKLOdobIAx6j4nY_JQNOic6XtJ_zKWH4f38EhAELGATCWJPZPIqfU3f6FT6Ewfc5MCAjEKMhFpKuEUBWJy3utdGZ5VOWiFkW9vGZqWZA-UVttbNeAZMsNdRgD9d,,,Brideshead Revisited,,,
31,node5feb2df25dc569e4c23cd4c5d3e8ad1_<http://www.abebooks.com/products/isbn/9781602834866/9542435704>,,,Evelyn Waugh,BBC Audiobooks America,Brideshead Revisited,2008,,
32,nodeb39b79c1545b04040b3a2da9738ae_<https://www.bookshare.org/browse/book/588849?returnPath=L2Jyb3dzZS9hdXRob3I%252FbW9kdWxlTmFtZT1wdWJsaWMma2V5PUV2ZWx5biBXYXVnaCZyZXN1bHRzVmlldz1UQUJMRQ%253D%253D>,,,Evelyn Waugh,"Little, Brown and Company",Brideshead Revisited,12/11/12,,Evelyn Waugh
33,node211bb585dd8ea140e6294f03eb428de_<http://brothersjudd.com/index.cfm/fuseaction/reviews.detail/book_id/948>,,,http://brothersjudd.com/index.cfm/fuseaction/reviews.detail/book_id/948/index.cfm/fuseaction/reviews.authlist/author_id/784,,Brideshead Revisited,1945,,
34,node177b22fd5add714c655c3be1523af_<http://www.bookdepository.com/Decline-Fall-No-2-Evelyn-Waugh/9780141193427?b=-3&t=-20>,,,Evelyn Waugh,,Brideshead Revisited,04 Jul 2011,,
35,nodeed789da1d17eab6c27ea0968899db_<http://isbndb.com/author/nigel_havers>,,,http://isbndb.com/author/waugh_evelyn,http://isbndb.com/publisher/csa_word,Brideshead Revisited,,,
36,node45704e9fb82749b96d9148b84db967e_<http://www.powells.com/book/brideshead-revisited-9780316216456>,,,Evelyn Waugh,,Brideshead Revisited,,,
37,nodeafb156ed19bfe9fcb12d65ceb9311ed_<https://www.bookshare.org/browse/book/588849?returnPath=L2Jyb3dzZS9hdXRob3I%252FbW9kdWxlTmFtZT1wdWJsaWMma2V5PUV2ZWx5biBXYXVnaA%253D%253D>,,,Evelyn Waugh,"Little, Brown and Company",Brideshead Revisited,12/11/12,,Evelyn Waugh
38,node911acd9ade8be1a935a6597617d2dc35_<http://www.abebooks.com/book-search/title/brideshead-revisited/author/waugh/page-1/>,,,"Waugh, Evelyn",Back Bay Books,Brideshead Revisited,,,
39,node9dd5751f83e8346438d35277e5c2f847_<http://www.abebooks.com/book-search/title/brideshead-revisited/author/waugh/page-1/>,,,"Waugh, Evelyn",Back Bay Books,Brideshead Revisited,,,
40,node4f6c87f7e4462dce8a5228df496ecee_<http://www.abebooks.com/book-search/title/brideshead-revisited/author/waugh/page-1/>,,,"Waugh, Evelyn",Back Bay Books,Brideshead Revisited,,,
41,nodec6a4ae6c807228afd4f3d6f3a716ee_<http://www.abebooks.com/book-search/title/brideshead-revisited/author/waugh/page-1/>,,,"Waugh, Evelyn",Back Bay Books,Brideshead Revisited,,,
42,node83b0248442c0c83ca86b9e2c7ba336_<http://www.abebooks.com/book-search/title/brideshead-revisited/author/waugh/page-1/>,,,"Waugh, Evelyn",Back Bay Books,Brideshead Revisited,,,
43,node123dad2e4d8ee47dd6c0dfe1d824977a_<http://www.abebooks.com/book-search/title/brideshead-revisited/author/waugh/page-1/>,,,"Waugh, Evelyn",Back Bay Books,Brideshead Revisited,,,
44,node9251edbefb2c45d56835e4728a7084d8_<http://www.abebooks.com/book-search/title/brideshead-revisited/author/waugh/page-1/>,,,Evelyn Waugh,Little Brown and Company,Brideshead Revisited,1973,,
45,node2d7ea05242fdd99bcf129def24324e2e_<http://www.abebooks.com/book-search/title/brideshead-revisited/author/waugh/page-1/>,,,"Waugh, Evelyn",Back Bay Books,Brideshead Revisited,,,
46,nodebf35edc3dcbdfbb5454dfa508e1c218_<http://www.abebooks.com/book-search/title/brideshead-revisited/author/waugh/page-1/>,,,Evelyn Waugh,Back Bay Books,Brideshead Revisited,,,
47,nodefad0a67aca50a746932096572b4cd13_<http://www.abebooks.com/book-search/title/brideshead-revisited/author/waugh/page-1/>,,,"Waugh, Evelyn",Back Bay Books,Brideshead Revisited,,,
48,node28b94d989916b8854d367c79a80d443_<http://www.abebooks.com/book-search/title/brideshead-revisited/author/waugh/page-1/>,,,"Waugh, Evelyn",Back Bay Books,Brideshead Revisited,,,
49,nodec0a2ee7cc91ebaa87227eba63345221f_<http://www.abebooks.com/book-search/title/brideshead-revisited/author/waugh/page-1/>,,,Evelyn Waugh,Back Bay Books,Brideshead Revisited,,,
50,nodec0c049ff83bc5d99603e7c2c852afa_<http://www.abebooks.com/book-search/title/brideshead-revisited/author/waugh/page-1/>,,,"Waugh, Evelyn",Back Bay Books,Brideshead Revisited,,,
51,node354ed31aeddc518ec73df1c1474f1596_<http://www.abebooks.com/book-search/title/brideshead-revisited/author/waugh/page-1/>,,,"Waugh, Evelyn",Back Bay Books,Brideshead Revisited,,,
52,node6c6e15d46c9eb31527848e92985dc2be_<http://www.abebooks.com/book-search/title/brideshead-revisited/author/waugh/page-1/>,,,"Waugh, Evelyn",Back Bay Books,Brideshead Revisited,,,
53,nodeb65e33f46cd5a4789790b790bc13c375_<http://www.abebooks.com/book-search/title/brideshead-revisited/author/waugh/page-1/>,,,"Waugh, Evelyn",Back Bay Books,Brideshead Revisited,,,
54,node91993ed5bbea48be2d9655a6316aac_<http://www.brothersjudd.com/index.cfm/fuseaction/reviews.detail/book_id/948/Brideshead%20R.htm>,,,http://www.brothersjudd.com/index.cfm/fuseaction/reviews.detail/book_id/948/Brideshead%20R.htm/index.cfm/fuseaction/reviews.authlist/author_id/784,,Brideshead Revisited,1945,,
55,nodeed9686aaf493305c0f199ca2bfc1fa5_<http://modernmrsdarcy.com/2013/04/7-books-i-read-over-and-over-again/>,,http://modernmrsdarcy.com/wp-content/uploads/2013/04/brideshead.jpg,http://modernmrsdarcy.com/authors/evelyn-waugh/,,Brideshead Revisited,,,
56,https://books.google.com/books/about/Brideshead_Revisited.html?id=_R0rAAAAIAAJ,,https://books.google.com/books/content?id=_R0rAAAAIAAJ&printsec=frontcover&img=1&zoom=1&imgtk=AFLRE70WHCzVpLA6nucQHmf7A9td4sR_4zQwuz7ZOd5V3hnLD9CZ8TG5WfJSfam-bPafg1B4zC5tpNZJ0E-Pk4b6M4m6pYQNuzNf29ii13bHeh4RrWmNuDsZAMZduCWK2ncVpPGDRQdg,,,Brideshead Revisited,,,
57,https://books.google.com/books/about/Brideshead_Revisited.html?id=_R0rAAAAIAAJ,,https://books.google.com/books/content?id=_R0rAAAAIAAJ&printsec=frontcover&img=1&zoom=1&imgtk=AFLRE71E_4d-eoKSSH9b7_C0dbnag6GlmdVAp9dJXfg81bx13PgvzcD3xmSQKfp1DrQPGPvK8NHntZRBSJCnrCvlHLMFrn83giDphtQlJQs9ct3pYJjsWrYNxYcpLtPxm9ErVU5MlTEk,,,Brideshead Revisited,,,
58,node7e5f781d11838d41213574468e0a1de_<http://brothersjudd.com/index.cfm/fuseaction/reviews.detail/book_id/948/Brideshead%20R.htm>,,,http://brothersjudd.com/index.cfm/fuseaction/reviews.detail/book_id/948/Brideshead%20R.htm/index.cfm/fuseaction/reviews.authlist/author_id/784,,Brideshead Revisited,1945,,
59,noded69b88347cff0b8bb2b9dbd32f4617_<http://www.booktopia.com.au/abhorsen-garth-nix/prod9781743316603.html>,,,,,Abhorsen,,,
60,nodeb65551c3123647c13eecde48f0222b57_<https://www.kirkusreviews.com/lists/get-lost-worlds-fantasy/?page=12>,,https://d1ldy8a769gy68.cloudfront.net/180/006/027/825/0/0060278250.jpg,,,ABHORSEN,,,
61,node7243ca69b69a6ab3f7ef2d4db533766_<http://www.booktopia.com.au/abhorsen-garth-nix/prod9781741750201.html>,,,,,Abhorsen,,,
62,node9c5987fa4e659623a165db9d93216d5_<http://www.anobii.com/books/Abhorsen/9788842913030/01af8afeee3dd4b36e>,,http://image.anobii.com/anobi/image_book.php?item_id=01af8afeee3dd4b36e&time=&type=4,http://www.anobii.com/books/Abhorsen/9788842913030/01af8afeee3dd4b36e//contributors/Garth_Nix/345935,Nord,Abhorsen,01/01/2006,,
63,node1baac97ef49c5be303ca6952bfd6699_<https://www.bookshare.org/browse/book/359914?returnPath=L2Jyb3dzZS9hdXRob3I%2FbW9kdWxlTmFtZT1wdWJsaWMma2V5PUdhcnRoIE5peA%3D%3D>,,,Garth Nix,HarperCollins,Abhorsen,07/04/11,,Garth Nix
64,nodefef38d1eef4a5eec5b793d996d14765_<http://www.anobii.com/books/Abhorsen/9788850212545/016cfaf2c03e1a86f2>,,http://image.anobii.com/anobi/image_book.php?item_id=016cfaf2c03e1a86f2&time=&type=4,http://www.anobii.com/books/Abhorsen/9788850212545/016cfaf2c03e1a86f2//contributors/Garth_Nix/345935,TEA,Abhorsen,01/01/2007,,
65,node392c6c55158fea123a64c44d7c0798_<http://www.bookdepository.com/category/307/Childrens-Literature-Studies-General/>,,,Garth Nix,,Abhorsen,03 Jan 2005,,
66,node179d862bedb7ed8dc36889179f4f4c7_<https://www.kirkusreviews.com/book-reviews/garth-nix/abhorsen/>,,https://d1ldy8a769gy68.cloudfront.net/180/006/027/825/0/0060278250.jpg,Garth Nix,,ABHORSEN,,,
67,nodebd46d5b86ee4bd52b864f5a9ada5364_<http://www.bookdepository.com/author/Garth-Nix>,,,Garth Nix,,Abhorsen,01 Feb 2004,,
68,node6bab5bd99a84bcb329f69e4cd3358196_<http://www.powells.com/book/abhorsen-03-abhorsen-9780060278250>,,,Garth Nix,,Abhorsen 03 Abhorsen,,,
69,node33e45fb78bdbb172f039c710e720b94e_<https://www.bookshare.org/browse/book/24241?returnPath=L2Jyb3dzZS9ncmFkZT9tb2R1bGVOYW1lPXB1YmxpYyZvZmZzZXQ9MjUmZ3JhZGU9RUxFVkVOVEhfR1JBREU%253D>,,,Garth Nix,N/A,The Abhorsen Trilogy,12/08/05,,Garth Nix
70,nodeef89c8664db15774e8dacdbe745c161f_<https://www.bookshare.org/browse/book/24241?returnPath=L2Jyb3dzZS9jYXRlZ29yeT9tb2R1bGVOYW1lPXB1YmxpYyZrZXk9U2NpZW5jZSBGaWN0aW9uIGFuZCBGYW50YXN5Jm9mZnNldD0yNQ%3D%3D>,,,Garth Nix,N/A,The Abhorsen Trilogy,12/08/05,,Garth Nix
71,nodef1934f0cc3bc218b376b6bb3def3f_<https://www.bookshare.org/browse/book/24241?returnPath=L2Jyb3dzZS9ncmFkZT9tb2R1bGVOYW1lPXB1YmxpYyZvZmZzZXQ9MjUmZ3JhZGU9VFdFTEZUSF9HUkFERQ%3D%3D>,,,Garth Nix,N/A,The Abhorsen Trilogy,12/08/05,,Garth Nix
72,node5b3cdaa2a1c9ba92f9f69562fddb6_<https://www.bookshare.org/browse/book/24241?returnPath=L2Jyb3dzZS9jYXRlZ29yeT9tb2R1bGVOYW1lPXB1YmxpYyZrZXk9VGVlbnMmb2Zmc2V0PTUw>,,,Garth Nix,N/A,The Abhorsen Trilogy,12/08/05,,Garth Nix
73,nodec63dd9b0e3f82c29e1fdad2fba48301b_<https://www.bookshare.org/browse/book/24241?returnPath=L2Jyb3dzZS9ncmFkZT9tb2R1bGVOYW1lPXB1YmxpYyZncmFkZT1FTEVWRU5USF9HUkFERSZvZmZzZXQ9MjU%3D>,,,Garth Nix,N/A,The Abhorsen Trilogy,12/08/05,,Garth Nix
74,nodedfd064ff6917943c4dcfd151dad410_<https://www.bookshare.org/browse/book/24241?returnPath=L2Jyb3dzZS9ncmFkZT9tb2R1bGVOYW1lPXB1YmxpYyZncmFkZT1UV0VMRlRIX0dSQURFJm9mZnNldD0yNQ%3D%3D>,,,Garth Nix,N/A,The Abhorsen Trilogy,12/08/05,,Garth Nix
75,nodef484524c87cc4ab7efcf123165bfb8e8_<http://www.bookdepository.com/author/Garth-Nix>,,,Garth Nix,,The Abhorsen Chronicles,01 Jan 2009,,
76,nodef2d78070ecb5b91d9c9d57a7c098ce6_<https://www.bookshare.org/browse/book/24241?returnPath=L2Jyb3dzZS9hdXRob3I%2FbW9kdWxlTmFtZT1wdWJsaWMma2V5PUdhcnRoIE5peA%3D%3D>,,,Garth Nix,N/A,The Abhorsen Trilogy,12/08/05,,Garth Nix
77,nodef72bc4ac76837f22e19750c18a9159a1_<http://www.harpercollins.com/books/9780061441820>,,,by Garth Nix,,The Abhorsen Chronicles,On Sale: 12/30/2008,,
78,node1e30c1dc33d44c757e5f7c3bafa01ea7_<http://www.powells.com/book/sabriel-abhorsen-trilogy-9780606354998>,,,Garth Nix,,Sabriel (Abhorsen Trilogy),,,
79,node3d2513a2953fa413ba12a4cbb098f7_<http://www.harpercollins.com/books/9780060734190>,,,by Garth Nix,,The Abhorsen Trilogy Box Set,On Sale: 09/27/2005,,
80,nodeff5f2b36e16f247a4bdca1363017cdc7_<http://www.powells.com/book/abhorsen-01-sabriel-9780064471831>,,,Garth Nix,,Abhorsen 01 Sabriel,,,
81,nodeda85bedb9539c87ac34f7815a6d5f4e_<http://www.powells.com/book/abhorsen-02-lirael-9780060005429>,,,Garth Nix,,Abhorsen 02 Lirael,,,
82,nodee7719b45f867b914da8577654e48dfb_<http://www.goodreads.com/list/show/4794.Best_Young_Adult_Book_Series?order=d&page=1>,,,,,"The Abhorsen Trilogy Box Set (Abhorsen, #1-3)",,,
83,nodeb948cf6042ff2bbcceb87e2ddd45dc8_<http://www.goodreads.com/list/show/2985.Best_supernatural_Books_of_all_time>,,,,,"Sabriel (Abhorsen, #1)",,,
84,nodeb4341f979f1f60ebd1fa01b211042f4_<http://www.goodreads.com/list/user_vote/478063>,,,,,Garth Nix,,,
85,node90fc1c95b05b3a6ad7838217d092e2d5_<http://www.goodreads.com/list/show/6279.Best_Feminist_Young_Adult_Books>,,,,,"Lirael (Abhorsen, #2)",,,
86,node536267dc6970c97129d7e9f5d416580_<http://www.goodreads.com/book/show/6593686-lirael>,,http://www.goodreads.com/book/show/6593686-lirael//book/photo/6593686-lirael,,,Garth Nix,,,
87,nodebdfd8c1d74d9cfcb396f595ad405b10_<http://www.powells.com/book/abhorsen-02-lirael-adult-edition-9780060590161>,,,Garth Nix,,Abhorsen 02 Lirael Adult Edition,,,
88,nodef6a6963d7ac9d6dc61d7b08213f7a92_<http://www.bookdepository.com/author/Garth-Nix>,,,Garth Nix,,The Abhorsen Trilogy 3 Volume Boxed Set,30 Sep 2005,,
89,nodef469f89fec7dfaa3ca3de3b60d7aef4_<http://www.bookfinder.com/book/0613624688/>,,http://pictures.abebooks.com/isbn/9780613624688-us-300.jpg,"Nix, Garth","Turtleback, 2002",Lirael (Turtleback School & Library Binding Edition) (Abhorsen Trilogy (Pb)),,,
90,node49c6d394bfb0201456c7ee3ae9ef31_<http://www.bookdepository.com/Red-Queen-Matt-Ridley/9780060556570?b=-3&t=-21>,,,Robin Baker,,Sperm Wars,03 Jan 2006,,
91,node2e26249916fc32907331148c72a919ae_<http://isbndb.com/subject/professional_technical_professional_science_biological_aaaa5/books>,,,http://isbndb.com/author/baker_robin,http://isbndb.com/publisher/basicbooks,Sperm wars: the science of sex,,,
92,nodee6a8736e534713bece777827d75265_<http://www.babelio.com/auteur/Robin-Baker/20458/bibliographie>,,,,,Sperm Wars : Les secrets de..,,,
93,nodeb72a2fbce950809b51d1299a7ef019ce_<http://isbndb.com/author/jones_heather>,,,http://isbndb.com/author/jones_heather,http://isbndb.com/publisher/abc_books,Sperm wars: the rights and wrongs of reproduction,,,
94,nodee14afa6437281fc5b8fb2e536de8c1a8_<http://www.valorebooks.com/textbooks/sperm-wars-infidelity-sexual-conflict-and-other-bedroom-battles/9781560258483>,,http://img.valorebooks.com/W120/97/9781/978156/9781560258483.jpg,http://www.valorebooks.com/textbooks/sperm-wars-infidelity-sexual-conflict-and-other-bedroom-battles/9781560258483//author/Baker%2C+Robin,Transition Vendor,"Sperm Wars Infidelity, Sexual Conflict, And Other Bedroom Battles",2006,,
95,node151ff2dd204b4cdc6ca4a4b4d4eef15_<http://www.valorebooks.com/textbooks/sperm-wars-infidelity-sexual-conflict-and-other-bedroom-battles/9781560258483>,,http://img.valorebooks.com/W120/97/9781/978156/9781560258483.jpg,http://www.valorebooks.com/textbooks/sperm-wars-infidelity-sexual-conflict-and-other-bedroom-battles/9781560258483//author/Baker%2C+Robin,Transition Vendor,"Sperm Wars Infidelity, Sexual Conflict, And Other Bedroom Battles",2006,,
96,noded9e6bc753c2eb0a6567a8098aa8be1e7_<http://www.bookdepository.com/category/375/Reference/?b=155&t=271>,,,David Farmer,,The Oxford Dictionary of Saints,04 Jun 2011,,
97,https://books.google.it/books/about/The_Oxford_Dictionary_of_Saints.html?id=lsNT9eUEzaIC,,https://books.google.it/books/content?id=lsNT9eUEzaIC&printsec=frontcover&img=1&zoom=1&imgtk=AFLRE70St-4GOW1uzg3CeCoDBAuWOqIX6XUEGjrJG0iINWCmGH0P5HuxBaoLGNMmzYisP9uX2-liINO5afE6AVxxpPeyor6uyQz5IA3MuVKPzUrHEx4mwPrULkXlFcVb8-oSntF6RC-g,,,The Oxford Dictionary of Saints,,,
98,https://books.google.com/books/about/The_Oxford_Dictionary_of_Saints.html?id=cRjn9aC8zhIC,,https://books.google.com/books/content?id=cRjn9aC8zhIC&printsec=frontcover&img=1&zoom=1&edge=curl&imgtk=AFLRE72bZg-kmFMvoY8l2wHXR8ubz3ZXTmuNdpE90NUpHm39JOzQXAg3EsNbBoxkSJYeo0wSYWrb5riGiqx6EGCUEB32IYtXdgVrTNsQbYGQuFAfScF3MIPzdkxLAxLg0Gt5YuRTaQah,,,The Oxford Dictionary of Saints,,,
99,https://books.google.it/books/about/The_Oxford_Dictionary_of_Saints.html?id=lsNT9eUEzaIC,,https://books.google.it/books/content?id=lsNT9eUEzaIC&printsec=frontcover&img=1&zoom=1&imgtk=AFLRE73hIj_PzGSKyhJwgsrxfi40UAGwoqFABH4ZcNw2CtiXgzzHYCXmu9ZJLbnS-jqwOtcB-JqYkROU2wT1UIHExeTFUHfy64xym3Rta5M6mP0VTTo0TPIk1sxNRFpmhxSgpqbmjoWk,,,The Oxford Dictionary of Saints,,,
100,node18f6cb5199b8d65beb753fff05bb2bc_<http://www.bookdepository.com/author/David-Farmer>,,,David Hugh Farmer,,The Oxford Dictionary of Saints,23 Sep 2004,,
101,https://books.google.co.uk/books/about/The_Oxford_Dictionary_of_Saints.html?id=cRjn9aC8zhIC,,https://books.google.co.uk/books/content?id=cRjn9aC8zhIC&printsec=frontcover&img=1&zoom=1&edge=curl&imgtk=AFLRE71cIPrWfhRPaNB8lENtNil4yESqH5W4mD2yUGm4XYMRFU7e-NuauR6JjEUgxpZcX-ZBHElZZgG4wifnH4AHu6vq4HdBDbpHxJ9K1b4XhPKz5iPTgcPknN5gch19pLSmhiiUuRXJ,,,The Oxford Dictionary of Saints,,,
102,https://books.google.co.uk/books/about/The_Oxford_Dictionary_of_Saints.html?id=lsNT9eUEzaIC,,https://books.google.co.uk/books/content?id=lsNT9eUEzaIC&printsec=frontcover&img=1&zoom=1&imgtk=AFLRE73LkQTi9z2biNkho0ER_HdwA5Gg-WIf7IcW5u-xpQiRO6nWMt9bddXW7q8pID5V1mRnh7kTBh-VX9huU05rIkwOyNAAcAaeGzekXmBgKNVGqN3fl4ozyjSruYlFZMSIHRp9f4pE,,,The Oxford Dictionary of Saints,,,
103,https://books.google.com.au/books/about/The_Oxford_Dictionary_of_Saints_Fifth_Ed.html?id=_zJJtvK2_KsC,,https://books.google.com.au/books/content?id=_zJJtvK2_KsC&printsec=frontcover&img=1&zoom=1&edge=curl&imgtk=AFLRE73C5YfobQPkToGzpqaLo4wcqW28_WPe3i0OFE7V9EPNwOogxRIsKFJNI699nMMOshgJsrGPJK0tghzh4Iymzy54KTwxX30ZM5PvP5xTSjvZLiQcHEFdEn9UbJU7dk2bQ0QBPaaj,,,"The Oxford Dictionary of Saints, Fifth Edition Revised",,,
104,https://books.google.com/books/about/The_Oxford_Dictionary_of_Saints_Fifth_Ed.html?id=_zJJtvK2_KsC,,https://books.google.com/books/content?id=_zJJtvK2_KsC&printsec=frontcover&img=1&zoom=1&edge=curl&imgtk=AFLRE72pzDMJoeneNOob7HxnuqA-2d3BcPlnd3snmI7v6FF5lIZ2mtztA5U7YEYcwKQNV_4wweqMa25LAUgUaZkL6Ke44Qo08LWxcTDKVEko5tY_qubzEpQI9CkWcyHEJE_G_L3ISE3q,,,"The Oxford Dictionary of Saints, Fifth Edition Revised",,,
105,https://books.google.com/books/about/The_Human_Use_of_Human_Beings.html?id=l9l6zquHvZIC,,https://books.google.com/books/content?id=l9l6zquHvZIC&printsec=frontcover&img=1&zoom=1&edge=curl&imgtk=AFLRE71zYALrxp8uuLfihcqCOMUiesBX4hLBh_aBMYFfWuOgXnnQu57Qr7o4F1DZgSVqtpijTL38Hk68BgCQlauxdaHO7YD0q0vvlP4RA9HLIN98PihHqfYahuIt7pb4Nu9PNCA2FXq_,,,The Human Use of Human Beings,,,
106,node2da9158a7e888ee91323b03cc36454b3_<http://philpapers.org/rec/WIETHU>,,,Norbert Wiener,,The Human Use of Human Beings,,,
107,nodef363e6c4e0a952ffd51df6dc4739cd80_<http://www.powells.com/book/the-human-use-of-human-beings-9780306803208>,,,Norbert Wiener,,The Human Use of Human Beings,,,
108,https://books.google.com/books/about/The_Human_Use_of_Human_Beings.html?id=l9l6zquHvZIC,,https://books.google.com/books/content?id=l9l6zquHvZIC&printsec=frontcover&img=1&zoom=1&edge=curl&imgtk=AFLRE71JdYFhbldGAmR-Y2hBxiOKF_aDZ75ZvZmU3Y2bDWdqHT2NhiKJpdALxDXsfwwcWs7oaN6n6CvnFNcZoqJ05q_N7KPWj2019W6K8PWyTEnfB1eiNMQ4OTvacBrXVkl3KKAN6dGY,,,The Human Use of Human Beings,,,
109,https://books.google.com/books/about/The_Human_Use_of_Human_Beings.html?id=l9l6zquHvZIC&q=Vannevar+Bush,,https://books.google.com/books/content?id=l9l6zquHvZIC&printsec=frontcover&img=1&zoom=1&edge=curl&imgtk=AFLRE70a9_-WtAfWoCT7MVVAjGy5T2PhEwqGS5ywsdXZsVM7y_pg3ckXM8oBK_goz8fb4YXI39v6mDjb3aOTBAQsMX1Re2hdrWvyoex2adHGLPM08EfgYjHvxzTEGbnksbql_G9sBV4f,,,The Human Use of Human Beings,,,
110,noded24331dc4c6d11f6ef4e8b477fc83_<http://www.bookdepository.com/category/401/Cybernetics-Systems-Theory/>,,,Norbert Wiener,,The Human Use of Human Beings,21 Mar 1988,,
111,https://books.google.com/books/about/The_Human_Use_of_Human_Beings.html?id=l9l6zquHvZIC,,https://books.google.com/books/content?id=l9l6zquHvZIC&printsec=frontcover&img=1&zoom=1&edge=curl&imgtk=AFLRE71Pa2Ka8DE8yRe7OaotywE3kEBdmsH_wWHItyhXeghXiuQjcXPpxHAvj7o0GHS7HQtQE7TRktldrHNiW8RM4nH8cQrXSwkAz-42QKXPAJ1Nor8KcxokyqGQ1JGjQRrrfbFpdNQ7,,,The Human Use of Human Beings,,,
112,node84dbb87e7a5b992646ff5f543ffda60_<https://www.kirkusreviews.com/author/ruth-rendell/>,,https://d1ldy8a769gy68.cloudfront.net/180/009/953/479/7/0099534797.jpg,,,A NEW LEASE OF DEATH,,,
113,nodee0efd5e94680315b9a6b7659aafba6c5_<https://itunes.apple.com/si/book/well-schooled-in-murder/id447749798?mt=11>,,http://a4.mzstatic.com/eu/r30/Publication/v4/d3/b1/eb/d3b1eb2f-23f4-598c-ef28-3f70b88c0869/cover100x100.jpeg,,,A New Lease Of Death,,,
114,node31dc4faa3e469324d498c0d5456fc6_<https://www.kirkusreviews.com/book-reviews/ruth-rendell/a-new-lease-of-death/>,,https://d1ldy8a769gy68.cloudfront.net/180/009/953/479/7/0099534797.jpg,Ruth Rendell,,A NEW LEASE OF DEATH,,,
115,nodeacb4a81b264f80bf8a62451dd5f6741e_<http://www.fictiondb.com/author/ruth-rendell~22946.htm>,Police/Detective/Law Enforcement,,Ruth Rendell,,A New Lease of Death / Sins of the Fathers,1967-01-15,,
116,node2623ffe6447387b9f5928bd70c5393b_<http://www.goodreads.com/list/show/16521.Ruth_Rendell_Barbara_Vine_Complete_Novels>,,,,,A New Lease of Death,,,
117,nodee69315622592241ab19abc57bf7ec54_<https://www.kirkusreviews.com/book-reviews/michael-gregorio/days-of-atonement-2/>,,https://d1ldy8a769gy68.cloudfront.net/180/978/031/237/644/4/9780312376444.jpg,Michael Gregorio,,DAYS OF ATONEMENT,,,
118,nodeb249b69e8414d332dcd10e6291c2aeb_<https://www.kirkusreviews.com/book-reviews/walter-jon-williams/days-of-atonement/>,,https://d3myrwj42s63no.cloudfront.net/180/031/285/118/9/0312851189.jpg,Walter Jon Williams,,DAYS OF ATONEMENT,,,
119,node5b5ac6de62b2fccc79b4c85aef98990_<http://www.goodreads.com/book/show/512367.Days_of_Atonement>,,http://www.goodreads.com/book/show/512367.Days_of_Atonement//book/photo/512367.Days_of_Atonement,,,Walter Jon Williams,,,
120,nodea14aac8ae3a196d17571b579453caa_<http://www.goodreads.com/book/show/6373705-days-of-atonement>,,http://www.goodreads.com/book/show/6373705-days-of-atonement//book/photo/6373705-days-of-atonement,,,Days of Atonement (Hanno Stiffeniis #2),,,
121,node21ceee53907fd9ed6485d4598f8b57f_<http://www.fictiondb.com/author/ruth-rendell~22946.htm>,Suspense,,Ruth Rendell,,The Rottweiler,2003-11-01,,
122,nodea416927c9cff2a9d448456d491d94ab_<http://www.ew.com/article/2004/11/19/rottweiler>,"Fiction, Mystery and Thriller",,Ruth Rendell,Crown,The Rottweiler,2004-11-19,,
123,node13f5a0341961b2b31e6d9da9a388fcb_<https://literature.britishcouncil.org/writer/ruth-rendell/>,,,,,The Rottweiler,2003,,
124,nodeec267dc6b4cf2d8a0f83adcc65fdf36_<https://www.bookshare.org/browse/book/21665?returnPath=L2Jyb3dzZS9hdXRob3I%2FbW9kdWxlTmFtZT1wdWJsaWMma2V5PVJ1dGggUmVuZGVsbCZvZmZzZXQ9MjU%3D>,,,Ruth Rendell,N/A,The Rottweiler : A Novel,06/02/05,,Kingsmarkham Enterprises Ltd
125,node3d39bf76990355f715cb514301fa93_<http://www.valorebooks.com/textbooks/the-rottweiler-learning-about-dogs/9781560653950>,,http://img.valorebooks.com/W120/97/9781/978156/9781560653950.jpg,http://www.valorebooks.com/textbooks/the-rottweiler-learning-about-dogs/9781560653950//author/Charlotte,Capstone Press,The Rottweiler (Learning about Dogs),1996,,
126,node2d55a3bffb587b4427c7fe1c6fac4a4_<http://www.goodreads.com/list/show/16521.Ruth_Rendell_Barbara_Vine_Complete_Novels>,,,,,Ruth Rendell,,,
127,node34e68a6fcde546524a46d336505babec_<http://www.goodreads.com/book/show/83408.The_Rottweiler>,,http://www.goodreads.com/book/show/83408.The_Rottweiler//book/photo/83408.The_Rottweiler,,,The Rottweiler,,,
128,nodead7589ceb01bb57725d221157162e18d_<http://www.goodreads.com/book/show/83408.The_Rottweiler?a=5&origin=related_works>,,http://www.goodreads.com/book/show/83408.The_Rottweiler?a=5&origin=related_works//book/photo/83408.The_Rottweiler,,,Ruth Rendell,,,
129,node1668ad02bba22bc61ed23d90516dc_<https://www.bookshare.org/browse/book/19046?returnPath=L2Jyb3dzZS9wb3B1bGFyP21vZHVsZU5hbWU9cHVibGljJm9mZnNldD02ODU3NQ%253D%253D>,,,Charlotte Wilcox,N/A,The Rottweiler (Learning About Dogs),02/08/05,,Capstone Press
130,node2056113ba19d6c994bd7fd3952fb6a59_<https://www.bookrenter.com/dog-owner-s-guide-to-the-rottweiler-dog-owner-s-guides-blackmore-1564651223-9781564651228>,,https://images.bookrenter.com/images/I/412CBFTNCEL._SL160_.jpg,https://www.bookrenter.com/dog-owner-s-guide-to-the-rottweiler-dog-owner-s-guides-blackmore-1564651223-9781564651228//joan-blackmore/textbooks-by,Tetra Press,Dog Owner's Guide to the Rottweiler (Dog Owner's Guides),,,
131,node8444f8f71fafec814b4b1962127f0_<http://www.abebooks.com/book-search/author/walt-whitman/pics/sortby/1/page-1/>,,,"Whitman, Walt (Walter)","J. Winchester, New York",Franklin Evans; or the Inebriate. a Tale of the Times,1842,,
132,nodeda84a6c20c3639a4844e7cbd5a98351_<http://isbndb.com/author/whitman_walt/books>,,,http://isbndb.com/author/hendler_glenn,http://isbndb.com/publisher/duke_university_press,"Franklin Evans, or The inebriate: a tale of the times",,,
133,node67651e3db660d3a93c726034ac22e8_<http://isbndb.com/author/whitman_walt/books>,,,http://isbndb.com/author/hendler_glenn,http://isbndb.com/publisher/duke_university_press,"Franklin Evans, or The inebriate: a tale of the times",,,
134,noded181f03dbcdc7a8549c2f28054423c20_<http://isbndb.com/author/whitman_walt/books>,,,http://isbndb.com/author/hendler_glenn,http://isbndb.com/publisher/duke_university_press,"Franklin Evans, or The inebriate a tale of the times",,,
135,https://books.google.ca/books/about/Songs_of_the_Great_Dominion.html?id=7RpaAAAAMAAJ,,https://books.google.ca/books/content?id=7RpaAAAAMAAJ&printsec=frontcover&img=1&zoom=1&edge=curl&imgtk=AFLRE709Pi3_r4j354Zz53iRpllv2bqCk3WG7MPfU4sHkV8wiWMysV9CF_srHM8pLDSo8WkFS9xNha0jgP2lEd2ZebJH-tCRKd6V7hfzDJTtDbMSwo3_pQHQ7EfUonyvTlMS9d3jIGrK,,,Songs of the Great Dominion,,,
136,node35495681395af6a66e2dc9b4d85fdbf_<http://www.bookdepository.com/author/Brian-Greene>,,,Brian Greene,,Icarus at the Edge of Time,02 Sep 2008,,
137,node4d264714ce3a722c97bb70a9fef4d16_<https://www.bookrenter.com/immortal-beloved-a-novel-simon-1453839437-9781453839430>,,https://images.bookrenter.com/images/I/51P2gFwCnaL._SL160_.jpg,https://www.bookrenter.com/immortal-beloved-a-novel-simon-1453839437-9781453839430//james-simon/textbooks-by,CreateSpace Independent Publishing Platform,Immortal Beloved: A Novel,,,
138,https://books.google.co.il/books/about/Immortal.html?hl=iw&id=8eUTLaaVOOQC,,https://books.google.co.il/books/content?id=8eUTLaaVOOQC&printsec=frontcover&img=1&zoom=1&edge=curl&imgtk=AFLRE70NjpjuOLY5MCcqOkshp76zd8FOqtLHQkdLu61a8-RcA-vYFVxUo5G5o-hPajK3T1zcjCwSCL4WftPH09Bm64RpE0mUvZNeNfQSuZsWEYQl8DPKo_BOBHBeqG8oCOnYtuDZZ2_I,,,Immortal,,,
139,nodef69084c64194804382128136c8d564a7_<http://podiobooks.com/title/the-immortal/>,Spirituality,http://assets.podiobooks.com/assets/media/images/covers/900/the-immortal.jpg,JJ Dewey,,The Immortal,,,
140,node728a6b48e228aa2ff0804f98cc3c16b6_<http://www.bookdepository.com/Lover-Reborn-J-R-Ward/9780451238283?b=-3&t=-26>,,,J R Ward,,Immortal,03 Mar 2015,,
141,nodeb14613a1e51fdc5faae8661249217d1_<http://www.bookdepository.com/My-Soul-Steal-Rachel-Vincent/9780373210275>,,,Rachel Vincent,,Immortal,06 Oct 2009,,
142,node3c73bcc0a815e6ae327d893160e3d26a_<http://www.bookdepository.com/Lover-Avenged-J-R-Ward/9780749955151>,,,J. R. Ward,,Immortal,05 Mar 2015,,
143,node3a6e27c193c9a7c2782a7b6682608f4b_<http://www.alibris.com/booksearch?qwork=6670297>,,http://www4.alibris-static.com/this-immortal/isbn/9781596870741_l.jpg,http://www.alibris.com/booksearch?qwork=6670297//search/books/author/Roger-Zelazny?aid=5577676,,This Immortal,,,
144,node50188d9f5f4104d8f5e72711c9382ba_<https://itunes.apple.com/be/book/immortal/id393740888?mt=11>,Romance,http://a1.mzstatic.com/eu/r30/Publication/v4/87/44/7b/87447b06-1a4f-34b6-41c2-e4b674f44842/cover225x225.jpeg,Lauren Burd,Lauren Burd,Immortal,,,
145,https://books.google.com/books/about/This_immortal.html?id=n3lbAAAAMAAJ,,https://books.google.com/books/content?id=n3lbAAAAMAAJ&printsec=frontcover&img=1&zoom=1&imgtk=AFLRE70MkFpgy4RTk4UQ-vgk9HBRIZghb6GUavLtTtTpH5NidHBypu3uYFj5LnhL40vR6hmkIUeOB7cCb8rDAjXurrOfLhePyuJG04VHUycpXA9XDGvHAnk,,,This immortal,,,
146,node36f8f3cfe76c849980c0dcd44729ded2_<http://www.harpercollins.com/books/9780061859168>,,,by Gillian Shields,,Immortal,On Sale: 08/04/2009,,
147,node5b11bb824c4961c7f142e0debcc0e98_<https://www.kirkusreviews.com/book-reviews/diana-hewson/immortal-NArnWtVI/>,,https://d1ldy8a769gy68.cloudfront.net/180/978/145/253/204/2/9781452532042.jpg,Diana Hewson,,IMMORTAL,,,
148,node3dccf43c2ca3f761e975f151fd4d1c_<http://www.bookdepository.com/Before-I-Wake-Rachel-Vincent/9780373210619>,,,Rachel Vincent,,Immortal,06 Oct 2009,,
149,https://books.google.com/books/about/This_immortal.html?id=n3lbAAAAMAAJ,,https://books.google.com/books/content?id=n3lbAAAAMAAJ&printsec=frontcover&img=1&zoom=1&imgtk=AFLRE73SeewLOdK6rEYp2o3PbzMejgAroeqknW1vWV7uHJZq_dg-J3U0WTatPJffV0aKN60jdXD8SStrfk2ob4ouExxL6yI1eKpJB11nIJlSQIirKJ4fIv8,,,This immortal,,,
150,https://books.google.com/books/about/Immortal.html?id=8eUTLaaVOOQC,,https://books.google.com/books/content?id=8eUTLaaVOOQC&printsec=frontcover&img=1&zoom=1&edge=curl&imgtk=AFLRE71TrOfEu6HDUlD3zzT31WSRh-LHXbnm1T2JV1Xa6Cy9QVieEZg_QdcHzluvRyED5TdQEW9e7-IP_-dzxnoqxgpco_mZDw6fPsIiojFHvsCFqIvkDH9siLwIrdenXfSnbEYG_Mpj,,,Immortal,,,
151,node7d2ef1222aa3861a4405b5d82705930_<http://www.bookdepository.com/Provided-You-Dont-Kiss-Me-Duncan-Hamilton/9780007247110>,,,Duncan Hamilton,,Immortal,05 Jun 2014,,
152,noded5e4ecb96d8367416d04b1532ce18b7_<http://www.bookdepository.com/Provided-You-Dont-Kiss-Me-Duncan-Hamilton/9780007247110>,,,Duncan Hamilton,,Immortal,12 Sep 2013,,
153,node47d335ae4442d6ead94ec752abf9a3_<https://www.bookshare.org/browse/book/9498/This+Immortal>,,,Roger Zelazny,N/A,This Immortal,07/30/02,,Roger Zelazny
154,https://books.google.co.il/books/about/Immortal.html?hl=iw&id=8eUTLaaVOOQC,,https://books.google.co.il/books/content?id=8eUTLaaVOOQC&printsec=frontcover&img=1&zoom=1&edge=curl&imgtk=AFLRE73tA0shW4CSdlt8SvvwnTtqarzzyOaXHJ-7JZbo16Im7nfvT4ZrtARTsM5IogcXdIRWPs2mDhPmliO-qZMPMyi0Q8N9kiaoX0PhgpgBZNhrYuHdj3tKvurqstoF9QXu_4cO-PSm,,,Immortal,,,
155,node8f13e58eb3d02e86bd34697d56923d4_<http://www.fictiondb.com/author/roger-zelazny~38336.htm>,Science Fiction,,Roger Zelazny,,This Immortal,1966-01-15,,
156,nodedb466bff3b8eb6e7581920c036e1663_<http://www.harpercollins.com/books/9780061375804>,,,by Gillian Shields,,Immortal,On Sale: 08/04/2009,,
157,node37fe44bc1fa6f6d238cf3553e4e42a_<http://www.harpercollins.com/books/9780061375804>,,,by Gillian Shields,,Immortal,On Sale: 08/04/2009,,
158,node26e1d2b2f1299ee727ea2437e433a4_<http://www.harpercollins.com/books/9780061375804>,,,by Gillian Shields,,Immortal,On Sale: 08/04/2009,,
159,node793638c9c3d1203544e01df68aacfa_<http://www.bookfinder.com/book/1595540423/>,,http://pictures.abebooks.com/isbn/9781595540423-us-300.jpg,"Hunt, Angela","Thomas Nelson, 2005",The Immortal,,,
160,node921f7695329712e4ccf2f47b4849895_<http://www.harpercollins.com/books/9780061375835>,,,by Gillian Shields,,Immortal,On Sale: 06/29/2010,,
161,node342e2cd4309070e087b1c661f4e413_<http://www.harpercollins.com/books/9780061375835>,,,by Gillian Shields,,Immortal,On Sale: 06/29/2010,,
162,node24bc7fcbf21a1887ace958e2e0b66db1_<https://www.free-ebooks.net/ebook/Immortal>,,https://www.free-ebooks.net/ebook/Immortal//2d_covers/large/1277327989.jpg,https://www.free-ebooks.net/ebook/Immortal//profile/563204/a-r-james,,Immortal,,,
163,nodeafa7832a1dfb8d4882b2ee538ee4eb3d_<https://play.google.com/store/books/details?id=P1nG8Ji35CQC>,https://play.google.com/store/books/details?id=P1nG8Ji35CQC//store/books/category/coll_1696,https://books.google.com/books/content/images/frontcover/P1nG8Ji35CQC?fife=w300,"""Ying Chang Compestine""@en_us",,""" Revolution Is Not a Dinner Party ""@en_us","""September 29, 2009""@en_us",,
164,nodee19157fcd018f89871cca1542d3cac45_<https://www.bookshare.org/browse/book/42278?returnPath=L2Jyb3dzZS9wb3B1bGFyP21vZHVsZU5hbWU9cHVibGljJm9mZnNldD02Nzk1MA%253D%253D>,,,Ying Chang Compestine,N/A,Revolution Is Not a Dinner Party,08/28/08,,Ying Chang Compestine
165,node5639e83a8b433f75c5bd8d131b0c5a5_<http://www.booktopia.com.au/ebooks/revolution-is-not-a-dinner-party-ying-chang-compestine/prod9781742282299.html>,,,,,Revolution is not a Dinner Party,,,
166,node465de5ecc1172256ff2a4fa8b55461b_<https://www.kirkusreviews.com/book-reviews/ying-chang-compestine/revolution-is-not-a-dinner-party/>,,https://d3myrwj42s63no.cloudfront.net/180/978/080/508/207/4/9780805082074.jpg,Ying Chang Compestine,,REVOLUTION IS NOT A DINNER PARTY,,,
167,node307f431e5257ca49ffa6d8284c5cb20_<https://www.bookshare.org/browse/book/484253?returnPath=L2Jyb3dzZS9hdXRob3I%2FbW9kdWxlTmFtZT1wdWJsaWMma2V5PVBoaWxpcCBLLiBEaWNr>,,,Philip K. Dick,Houghton Mifflin Harcourt,Counter-Clock World,04/17/12,,Philip K. Dick
168,node726b823bc812c736796963f17edbaf_<http://www.fictiondb.com/author/stephen-hunter~20630.htm>,Thriller,,Stephen Hunter,,Dirty White Boys,1994-11-01,,
169,node786e727ca5093979d30ada96428e36a_<https://www.bookshare.org/browse/book/325055?returnPath=L2Jyb3dzZS9hdXRob3I%252FbW9kdWxlTmFtZT1wdWJsaWMma2V5PVN0ZXBoZW4gSHVudGVy>,,,Stephen Hunter,Random House Publishing Group,Dirty White Boys,05/05/11,,Stephen Hunter
170,node929b15e739bd6f8cf675bfe4ccdfb_<http://www.ew.com/article/1994/12/23/dirty-white-boys>,"Fiction, True Crime",,Stephen Hunter,,Dirty White Boys,1994-12-23,,
171,nodecfebac51e3148f97726ac050b691c513_<https://www.bookshare.org/browse/book/325055?returnPath=L2Jyb3dzZS9hdXRob3I%2FbW9kdWxlTmFtZT1wdWJsaWMma2V5PUh1bnRlciwgU3RlcGhlbg%3D%3D>,,,Stephen Hunter,Random House Publishing Group,Dirty White Boys,05/05/11,,Stephen Hunter
172,node994e7fccb27e7e36f26c6b955d4246d2_<https://literature.britishcouncil.org/writer/v-s-naipaul>,,,,,Among the Believers: An Islamic Journey,1981,,
173,nodeb0a37e12fa7418b74fdcce2211b4a67f_<https://www.waterstones.com/ebook/among-the-believers/v-s-naipaul/9781447209362>,,http://images.contentreserve.com/ImageType-100/1567-1/{C50AB018-1B9D-4307-B178-E15971CD69FF}Img100.jpg,V. S. Naipaul,Pan Macmillan,Among the Believers: An Islamic Journey (eBook),2012-03-22,,
174,node3df4434aaa415fec23d6785c375bca8b_<https://www.kirkusreviews.com/book-reviews/darren-shan/lord-loss/>,,https://d3myrwj42s63no.cloudfront.net/180/031/611/499/5/0316114995.jpg,Darren Shan,,LORD LOSS,,,
175,nodef2d72a7db4928c2c8b8f2b811bb2d6_<http://www.powells.com/book/demonata-01-lord-loss-9780316114998>,,,Darren Shan,,Demonata 01 Lord Loss,,,
176,nodedab5a7562748836a82765fb5e2933238_<http://www.goodreads.com/list/show/7368.Best_Books_for_Older_Teen_Boys>,,,,,"Lord Loss (The Demonata, #1)",,,
177,node2c8b18fa66d537d32c19149acefd698_<http://www.goodreads.com/book/show/164719.Lord_Loss>,,http://www.goodreads.com/book/show/164719.Lord_Loss//book/photo/164719.Lord_Loss,,,Darren Shan,,,
178,node5d457f7c7e89340111464a597396d25_<http://www.mtcspiritwear.com/>,,http://d.gr-assets.com/books/1292969594l/9979037.jpg,"Lois McMaster Bujold, Mihaela Velina",,The Warrior's Apprentice,,,
179,node4d27dcc818858320cfae7d904077f6b1_<https://www.bookshare.org/browse/book/297807?returnPath=L2Jyb3dzZS9wb3B1bGFyP21vZHVsZU5hbWU9cHVibGljJm9mZnNldD04NzQ3NQ%253D%253D>,,,Lois Mcmaster Bujold,Baen Books,The Warrior's Apprentice (Miles Vorkosigan #1),12/16/13,,Lois McMaster Bujold
180,node4b92da1b4851939ebcc3c4e376e1c18_<http://bookoutlet.com/Store/Browse/_/N-3320Z3457/Ne-3265>,,http://images.bookoutlet.com/covers/large/isbn978143/9781439102770-l.jpg,"Picoult, Jodi",,The Storyteller,,,
181,node7da46d2651b71e364359f91d5f6ae37f_<http://www.bookdepository.com/bestof2013?b=938&t=2350>,,,Jodi Picoult,,The Storyteller,26 Mar 2013,,
182,nodeeaaaedf157cd998ed561fc518fda896_<http://www.alibris.com/booksearch?qisbn=9780312420284&qwork=6367466&qsort=p>,,http://www1.alibris-static.com/the-storyteller/isbn/9780312420284_l.jpg,http://www.alibris.com/booksearch?qisbn=9780312420284&qwork=6367466&qsort=p//search/books/author/Mario-Vargas-Llosa?aid=5203768,Picador USA,The Storyteller,2001,,
183,node89c839144f7d672dd3b36daae9666410_<https://itunes.apple.com/us/book/firefly-lane/id386000830?mt=11>,,http://a5.mzstatic.com/us/r30/Publication/v4/71/3f/38/713f38a0-aba3-d525-47a2-6eccfac93194/cover100x100.jpeg,,,The Storyteller,,,
184,nodee77de2a9086d587ea6d1e8b21a6_<http://www.bookdepository.com/author/Rabih-Alameddine>,,,Rabih Alameddine,,The Storyteller,05 Jun 2009,,
185,nodebd2b32c4a5df1bf138d32f8562fdca3_<http://www.bookdepository.com/Perfect-Match-Jodi-Picoult/9781444754582>,,,Jodi Picoult,,The Storyteller,05 Nov 2013,,
186,node96afab954da1bdc8dafc69de5e32ee9_<https://www.kirkusreviews.com/book-reviews/helen-lane/storyteller-4/>,,https://d3myrwj42s63no.cloudfront.net/180/031/242/028/5/0312420285.jpg,Mario Vargas Llosa,,THE STORYTELLER,,,
187,node121b9939646a989eacee5fe84f51fd_<https://www.kirkusreviews.com/book-reviews/helen-lane/storyteller-4/>,,https://d3myrwj42s63no.cloudfront.net/180/031/242/028/5/0312420285.jpg,Helen Lane,,THE STORYTELLER,,,
188,nodec8ed68e989c7a323da3243d8e6e4ca8c_<https://www.bookshare.org/browse/book/624390/The%2BStoryteller>,,,Jodi Picoult,Atria/Emily Bestler Books,The Storyteller,03/14/13,,Jodi Picoult
189,node6b336c3b43ba28cdad888b9047638ec6_<http://www.alibris.com/The-Storyteller-Jodi-Picoult/book/23707651>,,http://www0.alibris-static.com/the-storyteller/isbn/9781444766660_l.jpg,http://www.alibris.com/The-Storyteller-Jodi-Picoult/book/23707651//search/books/author/Jodi-Picoult?aid=3947810,,The Storyteller,,,
190,node7ec13a1c50a5b4f87f8533bd9c268a0_<http://www.fictiondb.com/author/jodi-picoult~27891.htm>,Literary,,Jodi Picoult,,The Storyteller,2013-03-01,,
191,nodec85411c6dd99b75a8e5a32027b4b668_<http://www.ecampus.com/storyteller-jodi-picoult/bk/9781439102763>,,http://images.ecampus.com/images/d/2/763/9781439102763.jpg,http://www.ecampus.com/storyteller-jodi-picoult/bk/9781439102763//search-results.asp?au=Picoult+Jodi,Atria/Emily Bestler Books,The Storyteller,,,
192,node1313fbd13b58cca825d3bf1ba4595c4_<https://www.kirkusreviews.com/book-reviews/antonia-michaelis/storyteller-michaelis/>,,https://d1ldy8a769gy68.cloudfront.net/180/978/141/970/047/7/9781419700477.jpg,Miriam Debbage,,THE STORYTELLER,,,
193,node53fa276b4bd57ed902f3f1c39408c9c_<http://www.chegg.com/textbooks/the-storyteller-1st-edition-9780140143492-0140143491?ii=3&trackid=6095d750&omre_ir=0&omre_sp=>,,http://c.cheggcdn.com/covers2/90000/95418_1263914188.jpg,Mario Vargas Llosa,Penguin Books,The Storyteller,,,
194,node5fc46cdcfb8a11282fe042ba37756d4e_<http://www.booktopia.com.au/the-storyteller-jodi-picoult/prod9781743315187.html?deviceType=mobile>,,,,,The Storyteller,,,
195,noded7b0506c778af14dd70f4434b8ec2b4_<http://www.gradesaver.com/study-guides/S/>,,,Saki (H.H. Munro),,The Storyteller,,,
196,node32ac745c9244a4bb3db50ca37fa7939_<http://www.whsmith.co.uk/products/the-storyteller/9781444766660>,,,,publisher: Hodder & Stoughton General Division»,The Storyteller,,publication date: 02/01/2014,
197,node493f2be8cf5be36a8784d690679b7_<http://www.powells.com/book/the-storyteller-9781611736878>,,,Jodi Picoult,,The Storyteller,,,
198,node346796966b84301ac4194d565133b9bd_<http://www.chegg.com/textbooks/the-storyteller-1st-edition-9780312420284-0312420285?ii=2&trackid=deeaed54&omre_ir=1&omre_sp=>,,http://c.cheggcdn.com/covers2/120000/123582_1307134147.jpg,Helen Lane,Picador,The Storyteller,,,
199,nodec966a5c1a59f2646e489a87b8eca61aa_<http://www.booktopia.com.au/the-storyteller-jodi-picoult/prod9781743318690.html>,,,,,The Storyteller,,,
200,nodebbcc4c9a3503c601deadb7efa849c2_<https://www.kirkusreviews.com/book-reviews/joan-weisman/the-storyteller/>,,https://d1ldy8a769gy68.cloudfront.net/180/084/781/742/3/0847817423.jpg,Joan Weisman,,THE STORYTELLER,,,
201,node72b4fd10ba177c9c74253969ab80cd50_<http://www.powells.com/book/the-storyteller-9780312420284>,,,Mario Vargas Llosa and Helen Lane,,The Storyteller,,,
202,node2645aacbc490a6d53123e42df1566d3_<http://www.ew.com/article/2013/02/22/storyteller>,Fiction,,Jodi Picoult,Atria,The Storyteller,2013-02-22,,
203,nodef02fa9581a4df7c485aa21489b3e2868_<http://www.alibris.com/booksearch?qwork=23707651&cm_sp=2rec%20-_-RHS-_-s1-0>,,http://www0.alibris-static.com/the-storyteller/isbn/9781444766660_l.jpg,http://www.alibris.com/booksearch?qwork=23707651&cm_sp=2rec%20-_-RHS-_-s1-0//search/books/author/Jodi-Picoult?aid=3947810,,The Storyteller,,,
204,https://books.google.com/books/about/How_to_Talk_Dirty_and_Influence_People.html?id=vu8ubb678_EC,,https://books.google.com/books/content?id=vu8ubb678_EC&printsec=frontcover&img=1&zoom=1&edge=curl&imgtk=AFLRE72o2dxmN7aJjQ1rALU9VkjVXQeVLcGFiOHEUpaPVZOVRHXvrYfClMZ0QxxWB289LD8mWBRiV_XTHSNVHETDqnPZ0NnWC1BlT-h4eylpf5C0SazcWb4pm8A_Zze5BUsoUPws1Kd5,,,How to Talk Dirty and Influence People,,,
205,nodefa14217dd5ec7011637091a6e9f451e9_<https://www.bookshare.org/browse/book/35944?returnPath=L2Jyb3dzZS9wb3B1bGFyP21vZHVsZU5hbWU9cHVibGljJm9mZnNldD00ODUyNQ%253D%253D>,,,Lenny Bruce,N/A,How to Talk Dirty and Influence People: An Autobiography,12/19/12,,Playboy
206,node73eb6e90be39db104bb4d95ac952c15_<https://www.bookshare.org/browse/book/35944?returnPath=L2Jyb3dzZS9hdXRob3I%252FbW9kdWxlTmFtZT1wdWJsaWMma2V5PUxlbm55IEJydWNl>,,,Lenny Bruce,N/A,How to Talk Dirty and Influence People: An Autobiography,12/19/12,,Playboy
207,nodea2b1f234a8ec96ea09d78b0aa332c1d_<https://www.bookshare.org/browse/book/35944?returnPath=L2Jyb3dzZS9wb3B1bGFyP21vZHVsZU5hbWU9cHVibGljJnJlc3VsdHNWaWV3PVRBQkxFJm9mZnNldD00ODUyNQ%253D%253D>,,,Lenny Bruce,N/A,How to Talk Dirty and Influence People: An Autobiography,12/19/12,,Playboy
208,node6efde2b06eff29329edde53fe27fee9b_<https://www.kirkusreviews.com/author/sean-mcmullen/>,,https://d1ldy8a769gy68.cloudfront.net/180/031/285/131/6/0312851316.jpg,,,THE CENTURION'S EMPIRE,,,
209,nodee46b41df9a3d4a6fcc098603e50907d_<https://www.kirkusreviews.com/book-reviews/sean-mcmullen/the-centurions-empire/>,,https://d1ldy8a769gy68.cloudfront.net/180/031/285/131/6/0312851316.jpg,Sean McMullen,,THE CENTURION'S EMPIRE,,,
210,nodefb992dae80afd9bc7d4da8ee9ab1113_<https://www.bookrenter.com/christianity-the-first-three-thousand-years-macculloch-0670021261-9780670021260>,,https://images.bookrenter.com/images/I/51NQ3n9pYfL._SL160_.jpg,https://www.bookrenter.com/christianity-the-first-three-thousand-years-macculloch-0670021261-9780670021260//diarmaid-macculloch/textbooks-by,Viking Adult,Christianity: The First Three Thousand Years,,,
211,nodedb771513df9279f09b2774452944e514_<http://www.powells.com/book/three-thousand-years-of-chinese-painting-9780300094473>,,,Richard M. Barnhart and Yang Xin and Nie Chongzheng,,Three Thousand Years of Chinese Painting,,,
212,noded43b7f16c52177b634cf526d3e7fe8a_<http://www.bookdepository.com/author/William-L-Holladay>,,,William Lee Holladay,,The Psalms through Three Thousand Years,01 Jun 1993,,
213,nodeb829b1ade6b396a18a3c7f7c3f0388_<http://www.bookdepository.com/author/William-L-Holladay>,,,William L. Holladay,,The Psalms Through Three Thousand Years,27 Aug 1996,,
214,node98e26f425022311fc97c2f7a2295393f_<http://www.powells.com/book/sunflower-splendor-three-thousand-years-9780253355805>,,,Wu Chi Liu,,Sunflower Splendor Three Thousand Years,,,
215,nodea42de6d48ab5ab33fa67eeedd0e83a_<http://www.bookdepository.com/Christianity-Professor-Diarmaid-MacCulloch/9780670021260>,,http://d39ttiideeq0ys.cloudfront.net/assets/images/book/large/9780/6700/9780670021260.jpg,Professor Diarmaid MacCulloch,Penguin Putnam Inc,Christianity : The First Three Thousand Years,18 Mar 2010,,
216,node5c6dcdfb946b52a425d902295b19a9b_<http://www.bookdepository.com/History-Christianity-Diarmaid-MacCulloch/9780141021898?b=-3&t=-26>,,http://d4rri9bdfuube.cloudfront.net/assets/images/book/large/9780/1410/9780141021898.jpg,http://www.bookdepository.com/author/Diarmaid-MacCulloch,http://www.bookdepository.com/publishers/Penguin-Books-Ltd,A History of Christianity : The First Three Thousand Years,01 Oct 2010,,
217,noded43d3f19da91d6aff9573af5a1ecf54a_<http://www.goodreads.com/list/user_vote/1190510>,,,,,Diarmaid MacCulloch,,,
218,node2aeeb67283a98bcadd3dc4ade7a34a_<http://www.whsmith.co.uk/products/a-history-of-christianity-the-first-three-thousand-years/9780141021898>,,,,publisher: Penguin Books Ltd»,A History of Christianity: The First Three Thousand Years,,publication date: 02/09/2010,
219,node2f38ee67c8a2558d3ab1ac6abed747_<http://www.bookdepository.com/History-Christianity-Diarmaid-MacCulloch/9780141021898?b=-3&t=-20>,,http://d4rri9bdfuube.cloudfront.net/assets/images/book/large/9780/1410/9780141021898.jpg,http://www.bookdepository.com/author/Diarmaid-MacCulloch,http://www.bookdepository.com/publishers/Penguin-Books-Ltd,A History of Christianity : The First Three Thousand Years,01 Oct 2010,,
220,node823320bc19999d3036a139e4385a528_<http://www.infibeam.com/Books/info/David-J-Brown/Bridges-Three-Thousand-Years-of-Defying-Nature/1554070996.html>,,http://books-a2.infibeam.com/img/3ad7b687/992/0/9781554070992.jpg?wid=320&hei=320,,,Bridges: Three Thousand Years of Defying Nature(Paperback),,,
221,node86ae7774c1348871f50ea5a3d8d355b_<http://isbndb.com/publisher/pluto_pr>,,,,http://isbndb.com/publisher/pluto_pr,"Jewish History, Jewis Religion: The Weight of Three Thousand Years",,,
222,nodef2c7298ed55e723109b94c2d3874ad_<http://isbndb.com/publisher/pluto_pr>,,,,http://isbndb.com/publisher/pluto_pr,"Jewish History, Jewish Religion: The Weight of Three Thousand Years",,,
223,https://books.google.com/books/about/A_Religion_Nearly_Three_Thousand_Years_O.html?id=TD5GAAAAYAAJ,,https://books.google.com/books/content?id=TD5GAAAAYAAJ&printsec=frontcover&img=1&zoom=1&imgtk=AFLRE72jOSzeZ9-CgSpwiU4F1zKw7wO0JQ8_CXY4YZUggsrxo5yZJrmc43QcWBfOmr6CkxYcJiS1mnfzCAoE4-ueZRaYKUIkBb2psczwz3cv8Uu_VAAdzMA,,,"A Religion Nearly Three Thousand Years Old, the So Called Persian Fire-worshipers of Yezd",,,
224,node30f547336610c4d693af5499ccba0_<http://isbndb.com/author/connah_graham>,,,http://isbndb.com/author/connah_graham,http://isbndb.com/publisher/cambridge_university_press,Three Thousand Years in Africa: Man and his environment in the Lake Chad region of Nigeria (New Studies in Archaeology),,,
225,node47ede1e21ee1197da0d0a7fadbb7d1f7_<http://isbndb.com/author/connah_graham>,,,http://isbndb.com/author/connah_graham,http://isbndb.com/publisher/cambridge_university_press,Three thousand years in Africa: man and his environment in the Lake Chad area of Nigeria,,,
