id_l,id_r,duration_l,title_l,producer_l,genre_l,image_l,director_l,productionCompany_l,datepublished_l,awards_l,actor_l,review_l,editor_l,duration_r,title_r,producer_r,genre_r,image_r,director_r,productionCompany_r,datepublished_r,awards_r,actor_r,review_r,editor_r
Q2672175,node71c8f5bb323649e646ed4e86fa15ecc_<http://www.imdb.com/title/tt0029605/>,+91 minute,Stand-In,Walter Wanger,romantic comedy,,Tay Garnett,,1937,,,,Otho Lovering,,Stand-In,,Genres: Comedy | Romance,http://ia.media-imdb.com/images/G/01/imdb/images/nopicture/small/unknown-1394846836._CB379391227_.png,Tay Garnett,,,,J.C. Nugent,A golden oldie for our times!,
Q6961976,node875fad29a4814802cd87ebf5e89c39c_<http://musicmazaa.com/telugu/lyrics/read/movie/Namo+Venkatesa/Namo+Venkatesa.html>,,Namo Venkatesa,Daggubati Suresh Babu,romantic comedy,,Srinu Vaitla,,2010,,Devi Sri Prasad,,,,Namo Venkatesa,http://musicmazaa.com/telugu/lyrics/read/movie/Namo+Venkatesa/Namo+Venkatesa.html/#Achanta+Ramu,,http://musicmazaa.com/telugu/lyrics/read/movie/Namo+Venkatesa/Namo+Venkatesa.html///images.musicmazaa.com/media/images/large/movies/telugu/namo_venkatesa.jpg,http://musicmazaa.com/telugu/lyrics/read/movie/Namo+Venkatesa/Namo+Venkatesa.html/#Sreenu+Vytla,,,,http://musicmazaa.com/telugu/lyrics/read/movie/Namo+Venkatesa/Namo+Venkatesa.html/#Venkatesh,,
Q6961976,node7b99ffffae05ebd18d8186f43e8c17_<http://www.apunkachoice.com/titles/nam/namo-venkatesa/mid_34587/>,,Namo Venkatesa,Daggubati Suresh Babu,romantic comedy,,Srinu Vaitla,,2010,,Devi Sri Prasad,,,,Namo Venkatesa,,Comedy,http://media.apunkachoice.com/image/Main-Images/main-34587.jpg,http://www.apunkachoice.com/names/sri/srinu_vytla/cid_305793/,,,,,,
Q6961976,noded513ddea839b697fe9cdc679839d4f13_<http://musicmazaa.com/telugu/audiosongs/movie/Namo+Venkatesa.html>,,Namo Venkatesa,Daggubati Suresh Babu,romantic comedy,,Srinu Vaitla,,2010,,Devi Sri Prasad,,,,Namo Venkatesa,http://musicmazaa.com/telugu/audiosongs/movie/Namo+Venkatesa.html/#Achanta+Gopinath,,http://musicmazaa.com/telugu/audiosongs/movie/Namo+Venkatesa.html///images.musicmazaa.com/media/images/medium/movies/telugu/namo_venkatesa.jpg,http://musicmazaa.com/telugu/audiosongs/movie/Namo+Venkatesa.html/#Sreenu+Vytla,,,,http://musicmazaa.com/telugu/audiosongs/movie/Namo+Venkatesa.html/#Venkatesh,,
Q5129555,nodeab69c77799fc4caf1bd371a61aa74cc4_<http://www.imdb.com/title/tt0315411/>,,Claustrophobia,Mark Tapio Kines,horror film|slasher film,,Mark Tapio Kines,,2003,,,,,,Claustrophobia,,Genres: Thriller | Horror | Comedy,http://ia.media-imdb.com/images/G/01/imdb/images/widget/amazon._CB339202444_.png,Mark Tapio Kines,,,,Will Collyer,Worst movie I've ever seen - THANK GOD!!!,
Q5129555,nodeb64ac581d16f457269a259274d71a6_<http://www.imdb.com/title/tt0315411/?ref_=nm_flmg_act_49>,,Claustrophobia,Mark Tapio Kines,horror film|slasher film,,Mark Tapio Kines,,2003,,,,,,Claustrophobia,,Thriller,"http://ia.media-imdb.com/images/M/MV5BMTI1NjAzMzYyMV5BMl5BanBnXkFtZTcwNTg3MTcyMQ@@._V1_SY317_CR4,0,214,317_AL_.jpg",Mark Tapio Kines,,,,Melanie Lynskey,Surprisingly very good,
Q570221,node8946daadc451c26d5637ee2036964a54_<http://www.virtual-history.com/movie/film/6605/reuben-reuben>,+101 minute,"Reuben, Reuben",Julius J. Epstein|Walter Shenson,comedy film|drama film,,Robert Ellis Miller,,1983|1985,,,,,,"Reuben, Reuben",,,,Robert Ellis Miller,,,,Holland Taylor,,
Q570221,nodec594ddc9c9593870e51ce6336f26e2c_<http://www.imdb.com/title/tt0084591/?ref_=tt_rec_tti>,+101 minute,"Reuben, Reuben",Julius J. Epstein|Walter Shenson,comedy film|drama film,,Robert Ellis Miller,,1983|1985,,,,,,"Reuben, Reuben",,Genres: Comedy | Drama | Romance,http://ia.media-imdb.com/images/M/MV5BMTI1NDA5OTE4NF5BMl5BanBnXkFtZTYwNjY0OTg5._V1_SX214_AL_.jpg,Robert Ellis Miller,,,Nominated for 2 Oscars.,Kara Wilson,A Forgotten Gem from a Forgotten Time,
Q570221,node21fbf3672f5fbdfe43caf6f5548ec5b_<http://www.imdb.com/title/tt0084591/externalsites>,+101 minute,"Reuben, Reuben",Julius J. Epstein|Walter Shenson,comedy film|drama film,,Robert Ellis Miller,,1983|1985,,,,,,"Reuben, Reuben (1983)",,,"http://ia.media-imdb.com/images/M/MV5BMTI1NDA5OTE4NF5BMl5BanBnXkFtZTYwNjY0OTg5._V1_SX67_CR0,0,67,98_AL_.jpg",,,,,,,
Q3502702,node6f8be76cf18361c74167b99bb8f867_<http://vodly.to/watch-457560-Suburban-Secrets>,,Suburban Secrets,Michael Raso,pornographic film,,Joseph W. Sarno,,2004,,,,,,Suburban Secrets,,,http://vodly.to/thumbs/suburban-secrets-9273.jpg,,,,,John Paul Fedele,,
Q3502702,node2b83e1db198de7c74af6b6ad12b46e_<http://www.imdb.com/title/tt0406951/>,,Suburban Secrets,Michael Raso,pornographic film,,Joseph W. Sarno,,2004,,,,,,Suburban Secrets,,Genres: Drama | Romance,http://ia.media-imdb.com/images/G/01/imdb/images/widget/amazon._CB339202444_.png,Joseph W. Sarno,,,,Tom Cikoski,Not so secret,
Q3502702,node113b54a09776a8bba97d8134fcec31e_<http://www.hotmovies.com/video/137530/Suburban-Secrets-Episode-5/>,,Suburban Secrets,Michael Raso,pornographic film,,Joseph W. Sarno,,2004,,,,,00:24:07,Suburban Secrets Episode 5,,Oral -> Cunnilingus,http://imgcover-0.hotmovies.com/image/cover/137/137530.cover.jpg,,Seduction Cinema,,,,,
Q1294711,node86e1b59c647b546f9efebac2d41b65_<http://www.imdb.com/title/tt0027690/>,+104 minute,The Gorgeous Hussy,Clarence Brown|Joseph L. Mankiewicz,romance film|drama film|film based on literature|biographical film,Gorgeous Hussy6.JPG,Clarence Brown,Metro-Goldwyn-Mayer,1936,,,,Blanche Sewell,,The Gorgeous Hussy,,Genres: Drama | History,http://ia.media-imdb.com/images/M/MV5BMTc5MjQyMjQ4NV5BMl5BanBnXkFtZTcwNTI2MDkxMQ@@._V1_SX214_AL_.jpg,Clarence Brown,,,Nominated for 2 Oscars.,Louis Calhern,Politics Then and Now,
Q1294711,nodefdf5bc2ca2682ede6d0bc375b15bdf5_<http://www.nytimes.com/movies/movie/20387/The-Gorgeous-Hussy/overview>,+104 minute,The Gorgeous Hussy,Clarence Brown|Joseph L. Mankiewicz,romance film|drama film|film based on literature|biographical film,Gorgeous Hussy6.JPG,Clarence Brown,Metro-Goldwyn-Mayer,1936,,,,Blanche Sewell,PT102M,The Gorgeous Hussy,,"Biopic, Historical, Romance",,Clarence Brown,,,,,,
Q1294711,nodec7d878ef592d93e1a0132abbcec398_<http://www.hollywood.com/movies/5055593/the-gorgeous-hussy>,+104 minute,The Gorgeous Hussy,Clarence Brown|Joseph L. Mankiewicz,romance film|drama film|film based on literature|biographical film,Gorgeous Hussy6.JPG,Clarence Brown,Metro-Goldwyn-Mayer,1936,,,,Blanche Sewell,1hr 42mins.,The Gorgeous Hussy,Joseph L. Mankiewicz,"Romance, Historical, Biopic",http://cdn-media-10.hollywood.com/images/300x450/3656971.jpg,Clarence Brown,,,,,,
Q1294711,node39a7c94c76430b8f46c26250414bc9_<http://www.movieposterdb.com/movie/0027690/The-Gorgeous-Hussy.html>,+104 minute,The Gorgeous Hussy,Clarence Brown|Joseph L. Mankiewicz,romance film|drama film|film based on literature|biographical film,Gorgeous Hussy6.JPG,Clarence Brown,Metro-Goldwyn-Mayer,1936,,,,Blanche Sewell,,The Gorgeous Hussy,,,http://www.movieposterdb.com/posters/09_09/1936/27690/l_27690_dcf38395.jpg,Clarence Brown,,,,Franchot Tone,,
Q1294711,node602c11e99f618f842788dddea3a1e22c_<http://www.themoviedb.org/movie/112284-the-gorgeous-hussy>,+104 minute,The Gorgeous Hussy,Clarence Brown|Joseph L. Mankiewicz,romance film|drama film|film based on literature|biographical film,Gorgeous Hussy6.JPG,Clarence Brown,Metro-Goldwyn-Mayer,1936,,,,Blanche Sewell,PT1H43M,The Gorgeous Hussy,,Drama,http://image.tmdb.org/t/p/w300/yUTJ0nKfODQaSlsB4sbkul2SrFk.jpg,Clarence Brown,,,,Joan Crawford,,
Q632718,node5a9c7c7b19d68dd389e41c46710ce_<http://www.movieposterdb.com/movie/0039286/Crossfire.html>,+88 minute,Crossfire,Dore Schary|Adrian Scott,film noir|drama film,CrossfirePoster2.jpg,Edward Dmytryk,RKO Pictures,1947,National Board of Review: Top Ten Films,,Bechdel test,Harry W. Gerstad,,Crossfire,,,http://www.movieposterdb.com/posters/07_10/1947/39286/l_39286_f6d05a2a.jpg,Edward Dmytryk,,,,Richard Benedict,,
Q632718,nodeae14b0bfeaafafa11094e4c21299936c_<http://www.movieposterdb.com/movie/0039286/Crossfire.html>,+88 minute,Crossfire,Dore Schary|Adrian Scott,film noir|drama film,CrossfirePoster2.jpg,Edward Dmytryk,RKO Pictures,1947,National Board of Review: Top Ten Films,,Bechdel test,Harry W. Gerstad,,Crossfire,,,http://www.movieposterdb.com/posters/07_10/1947/39286/l_39286_f6d05a2a.jpg,Edward Dmytryk,,,,Robert Mitchum,,
Q632718,nodefc4bbaa140e6c96bbb24024b91de5_<http://www.movieposterdb.com/movie/0039286/Crossfire.html>,+88 minute,Crossfire,Dore Schary|Adrian Scott,film noir|drama film,CrossfirePoster2.jpg,Edward Dmytryk,RKO Pictures,1947,National Board of Review: Top Ten Films,,Bechdel test,Harry W. Gerstad,,Crossfire,,,http://www.movieposterdb.com/posters/07_10/1947/39286/l_39286_f6d05a2a.jpg,Edward Dmytryk,,,,Robert Ryan,,
Q632718,nodec671379fb73bd1995c7f5046e72cce5a_<http://www.movieposterdb.com/movie/0039286/Crossfire.html>,+88 minute,Crossfire,Dore Schary|Adrian Scott,film noir|drama film,CrossfirePoster2.jpg,Edward Dmytryk,RKO Pictures,1947,National Board of Review: Top Ten Films,,Bechdel test,Harry W. Gerstad,,Crossfire,,,http://www.movieposterdb.com/posters/07_10/1947/39286/l_39286_f6d05a2a.jpg,Edward Dmytryk,,,,Gloria Grahame,,
Q632718,nodeda661a9eac99b17827bd473f05ec1a_<http://www.movieposterdb.com/movie/0039286/Crossfire.html>,+88 minute,Crossfire,Dore Schary|Adrian Scott,film noir|drama film,CrossfirePoster2.jpg,Edward Dmytryk,RKO Pictures,1947,National Board of Review: Top Ten Films,,Bechdel test,Harry W. Gerstad,,Crossfire,,,http://www.movieposterdb.com/posters/07_10/1947/39286/l_39286_f6d05a2a.jpg,Edward Dmytryk,,,,Robert Young,,
Q632718,node8216f98b6969a784c818b6b3cc982a_<http://www.movieposterdb.com/poster/fe610e45>,+88 minute,Crossfire,Dore Schary|Adrian Scott,film noir|drama film,CrossfirePoster2.jpg,Edward Dmytryk,RKO Pictures,1947,National Board of Review: Top Ten Films,,Bechdel test,Harry W. Gerstad,,Crossfire,,,http://www.movieposterdb.com/posters/12_02/1947/39286/l_39286_fe610e45.jpg,Edward Dmytryk,,,,Gloria Grahame,,
Q632718,nodece88e3f851deccc81755d6a64196d33e_<http://www.movieposterdb.com/poster/241c8ef9>,+88 minute,Crossfire,Dore Schary|Adrian Scott,film noir|drama film,CrossfirePoster2.jpg,Edward Dmytryk,RKO Pictures,1947,National Board of Review: Top Ten Films,,Bechdel test,Harry W. Gerstad,,Crossfire,,,http://www.movieposterdb.com/posters/14_02/1947/39286/l_39286_241c8ef9.jpg,Edward Dmytryk,,,,Robert Ryan,,
Q632718,node8d1e9ade81f35651709c8f86239b8e41_<http://www.movieposterdb.com/poster/bab2cd1e>,+88 minute,Crossfire,Dore Schary|Adrian Scott,film noir|drama film,CrossfirePoster2.jpg,Edward Dmytryk,RKO Pictures,1947,National Board of Review: Top Ten Films,,Bechdel test,Harry W. Gerstad,,Crossfire,,,http://www.movieposterdb.com/posters/12_03/1947/39286/l_39286_bab2cd1e.jpg,Edward Dmytryk,,,,Gloria Grahame,,
Q632718,node752a29d48c447c22a48eab3cf1ca4edf_<http://www.movieposterdb.com/poster/1b92b9c6>,+88 minute,Crossfire,Dore Schary|Adrian Scott,film noir|drama film,CrossfirePoster2.jpg,Edward Dmytryk,RKO Pictures,1947,National Board of Review: Top Ten Films,,Bechdel test,Harry W. Gerstad,,Crossfire,,,http://www.movieposterdb.com/posters/12_03/1947/39286/l_39286_1b92b9c6.jpg,Edward Dmytryk,,,,Richard Benedict,,
Q632718,nodeedfa4376d1c9ab73e8bed38fc555396_<http://www.movieposterdb.com/poster/828b83cb>,+88 minute,Crossfire,Dore Schary|Adrian Scott,film noir|drama film,CrossfirePoster2.jpg,Edward Dmytryk,RKO Pictures,1947,National Board of Review: Top Ten Films,,Bechdel test,Harry W. Gerstad,,Crossfire,,,http://www.movieposterdb.com/posters/12_05/1947/39286/l_39286_828b83cb.jpg,Edward Dmytryk,,,,Robert Ryan,,
Q632718,node90ada37718dd94cc2612d632b3f5d362_<http://www.movieposterdb.com/poster/55d4ba87>,+88 minute,Crossfire,Dore Schary|Adrian Scott,film noir|drama film,CrossfirePoster2.jpg,Edward Dmytryk,RKO Pictures,1947,National Board of Review: Top Ten Films,,Bechdel test,Harry W. Gerstad,,Crossfire,,,http://www.movieposterdb.com/posters/12_03/1947/39286/l_39286_55d4ba87.jpg,Edward Dmytryk,,,,Robert Mitchum,,
Q632718,nodec0552769f09748eab92d6e2c88da82cd_<http://www.zap2it.com/movie/crossfire/MV000053050000?aid=zap2it>,+88 minute,Crossfire,Dore Schary|Adrian Scott,film noir|drama film,CrossfirePoster2.jpg,Edward Dmytryk,RKO Pictures,1947,National Board of Review: Top Ten Films,,Bechdel test,Harry W. Gerstad,,Crossfire,,Genres: Crime drama,http://zap2it.tmsimg.com/movieposters/v6/AllPhotos/3193/p3193_p_v6_aa.jpg,,,,,,,
Q632718,node60ecc7311ab6195b5305be0b32bb653_<http://www.movieposterdb.com/poster/f26f80ab>,+88 minute,Crossfire,Dore Schary|Adrian Scott,film noir|drama film,CrossfirePoster2.jpg,Edward Dmytryk,RKO Pictures,1947,National Board of Review: Top Ten Films,,Bechdel test,Harry W. Gerstad,,Crossfire,,,http://www.movieposterdb.com/posters/07_10/1947/39286/l_39286_f26f80ab.jpg,Edward Dmytryk,,,,Lex Barker,,
Q632718,nodec9d64a9261c872126eae5801552c6a_<http://www.movieposterdb.com/poster/de313980>,+88 minute,Crossfire,Dore Schary|Adrian Scott,film noir|drama film,CrossfirePoster2.jpg,Edward Dmytryk,RKO Pictures,1947,National Board of Review: Top Ten Films,,Bechdel test,Harry W. Gerstad,,Crossfire,,,http://www.movieposterdb.com/posters/10_07/1947/39286/l_39286_de313980.jpg,Edward Dmytryk,,,,Robert Mitchum,,
Q632718,node3f217cf1cd86df79dd3f324db4e6ee35_<http://www.movieposterdb.com/poster/cfda289d>,+88 minute,Crossfire,Dore Schary|Adrian Scott,film noir|drama film,CrossfirePoster2.jpg,Edward Dmytryk,RKO Pictures,1947,National Board of Review: Top Ten Films,,Bechdel test,Harry W. Gerstad,,Crossfire,,,http://www.movieposterdb.com/posters/12_05/1947/39286/l_39286_cfda289d.jpg,Edward Dmytryk,,,,Robert Young,,
Q632718,node7c2c882b412ff2889adc79e58bcc748_<http://www.movieposterdb.com/poster/bd52e766>,+88 minute,Crossfire,Dore Schary|Adrian Scott,film noir|drama film,CrossfirePoster2.jpg,Edward Dmytryk,RKO Pictures,1947,National Board of Review: Top Ten Films,,Bechdel test,Harry W. Gerstad,,Crossfire,,,http://www.movieposterdb.com/posters/08_03/1947/39286/l_39286_bd52e766.jpg,Edward Dmytryk,,,,Robert Mitchum,,
Q632718,node43e46dbae13da8cc1ae32130f634bfff_<http://www.movieposterdb.com/poster/e41455de>,+88 minute,Crossfire,Dore Schary|Adrian Scott,film noir|drama film,CrossfirePoster2.jpg,Edward Dmytryk,RKO Pictures,1947,National Board of Review: Top Ten Films,,Bechdel test,Harry W. Gerstad,,Crossfire,,,http://www.movieposterdb.com/posters/11_11/1947/39286/l_39286_e41455de.jpg,Edward Dmytryk,,,,Lex Barker,,
Q632718,node6bda0e292173bd650cdafa7440ef8c_<http://www.movieposterdb.com/poster/6b62e8b5>,+88 minute,Crossfire,Dore Schary|Adrian Scott,film noir|drama film,CrossfirePoster2.jpg,Edward Dmytryk,RKO Pictures,1947,National Board of Review: Top Ten Films,,Bechdel test,Harry W. Gerstad,,Crossfire,,,http://www.movieposterdb.com/posters/07_10/1947/39286/l_39286_6b62e8b5.jpg,Edward Dmytryk,,,,Tom Keene,,
Q632718,nodef163326638b79a72daa8bdafb075c1f6_<http://www.movieposterdb.com/poster/24c9a1a3>,+88 minute,Crossfire,Dore Schary|Adrian Scott,film noir|drama film,CrossfirePoster2.jpg,Edward Dmytryk,RKO Pictures,1947,National Board of Review: Top Ten Films,,Bechdel test,Harry W. Gerstad,,Crossfire,,,http://www.movieposterdb.com/posters/05_06/1947/0039286/l_20477_0039286_24c9a1a3.jpg,Edward Dmytryk,,,,Richard Benedict,,
Q632718,node4931daa59fd641398aa5d3746d90686_<http://www.movieposterdb.com/poster/6c912820>,+88 minute,Crossfire,Dore Schary|Adrian Scott,film noir|drama film,CrossfirePoster2.jpg,Edward Dmytryk,RKO Pictures,1947,National Board of Review: Top Ten Films,,Bechdel test,Harry W. Gerstad,,Crossfire,,,http://www.movieposterdb.com/posters/12_05/1947/39286/l_39286_6c912820.jpg,Edward Dmytryk,,,,Lex Barker,,
Q632718,node83c21285d05377cc571c5ad8c2ad69_<http://www.movieposterdb.com/poster/f6d05a2a>,+88 minute,Crossfire,Dore Schary|Adrian Scott,film noir|drama film,CrossfirePoster2.jpg,Edward Dmytryk,RKO Pictures,1947,National Board of Review: Top Ten Films,,Bechdel test,Harry W. Gerstad,,Crossfire,,,http://www.movieposterdb.com/posters/07_10/1947/39286/l_39286_f6d05a2a.jpg,Edward Dmytryk,,,,Steve Brodie,,
Q632718,node1478905d731be27dd53589d7a9a0c2a2_<http://www.movieposterdb.com/poster/8c2fd932>,+88 minute,Crossfire,Dore Schary|Adrian Scott,film noir|drama film,CrossfirePoster2.jpg,Edward Dmytryk,RKO Pictures,1947,National Board of Review: Top Ten Films,,Bechdel test,Harry W. Gerstad,,Crossfire,,,http://www.movieposterdb.com/posters/08_06/1947/39286/l_39286_8c2fd932.jpg,Edward Dmytryk,,,,Robert Young,,
Q632718,node7874bbe1abfc082a64976479d7b2e67_<http://www.movieposterdb.com/poster/5aca4885>,+88 minute,Crossfire,Dore Schary|Adrian Scott,film noir|drama film,CrossfirePoster2.jpg,Edward Dmytryk,RKO Pictures,1947,National Board of Review: Top Ten Films,,Bechdel test,Harry W. Gerstad,,Crossfire,,,http://www.movieposterdb.com/posters/11_10/1947/39286/l_39286_5aca4885.jpg,Edward Dmytryk,,,,Jacqueline White,,
Q632718,nodebc7bf3fe1dbc7c48c6b014c680aff0_<http://www.movieposterdb.com/poster/e72d18f2>,+88 minute,Crossfire,Dore Schary|Adrian Scott,film noir|drama film,CrossfirePoster2.jpg,Edward Dmytryk,RKO Pictures,1947,National Board of Review: Top Ten Films,,Bechdel test,Harry W. Gerstad,,Crossfire,,,http://www.movieposterdb.com/posters/09_04/1947/39286/l_39286_e72d18f2.jpg,Edward Dmytryk,,,,Steve Brodie,,
Q632718,node82d4d1d293a43ec3770ade2d07dd8a3_<http://www.movieposterdb.com/poster/ab5ae547>,+88 minute,Crossfire,Dore Schary|Adrian Scott,film noir|drama film,CrossfirePoster2.jpg,Edward Dmytryk,RKO Pictures,1947,National Board of Review: Top Ten Films,,Bechdel test,Harry W. Gerstad,,Crossfire,,,http://www.movieposterdb.com/posters/12_05/1947/39286/l_39286_ab5ae547.jpg,Edward Dmytryk,,,,Lex Barker,,
Q632718,node8c2748dc8a80808a9c17677a1aac379_<http://www.movieposterdb.com/poster/151f6110>,+88 minute,Crossfire,Dore Schary|Adrian Scott,film noir|drama film,CrossfirePoster2.jpg,Edward Dmytryk,RKO Pictures,1947,National Board of Review: Top Ten Films,,Bechdel test,Harry W. Gerstad,,Crossfire,,,http://www.movieposterdb.com/posters/12_03/1947/39286/l_39286_151f6110.jpg,Edward Dmytryk,,,,Jacqueline White,,
Q632718,node4a8059265fd3ee8ff76396d2ff359a_<http://www.movieposterdb.com/poster/fe610e45/>,+88 minute,Crossfire,Dore Schary|Adrian Scott,film noir|drama film,CrossfirePoster2.jpg,Edward Dmytryk,RKO Pictures,1947,National Board of Review: Top Ten Films,,Bechdel test,Harry W. Gerstad,,Crossfire,,,http://www.movieposterdb.com/posters/12_02/1947/39286/l_39286_fe610e45.jpg,Edward Dmytryk,,,,Lex Barker,,
Q632718,nodefc8e62613ac62a525a8f2b1e98138f6_<http://www.imdb.com/title/tt0039286/plotsummary>,+88 minute,Crossfire,Dore Schary|Adrian Scott,film noir|drama film,CrossfirePoster2.jpg,Edward Dmytryk,RKO Pictures,1947,National Board of Review: Top Ten Films,,Bechdel test,Harry W. Gerstad,,Crossfire (1947),,,"http://ia.media-imdb.com/images/M/MV5BODI3NzI5ODMwM15BMl5BanBnXkFtZTgwMzg1MDkxMTE@._V1_SX67_CR0,0,67,98_AL_.jpg",,,,,,,
Q632718,nodece891ac9cda8c271218a9584b36967_<http://www.listal.com/movie/crossfire>,+88 minute,Crossfire,Dore Schary|Adrian Scott,film noir|drama film,CrossfirePoster2.jpg,Edward Dmytryk,RKO Pictures,1947,National Board of Review: Top Ten Films,,Bechdel test,Harry W. Gerstad,,Crossfire (1947),,,,,,,,,,
Q632718,node88677149b7d55286ec388d8e48633d5a_<http://www.videofutur.fr/viewTitleDetails.do?titreId=102587>,+88 minute,Crossfire,Dore Schary|Adrian Scott,film noir|drama film,CrossfirePoster2.jpg,Edward Dmytryk,RKO Pictures,1947,National Board of Review: Top Ten Films,,Bechdel test,Harry W. Gerstad,,Feux crois�s(Crossfire)deEdward Dmytryk,,Classiques,,Edward Dmytryk,,,,,,
Q5372517,nodee0519f6c1c9f85c94c4d9a0754ae5ba_<http://www.bigscreen.com/NowShowing.php?movie=79990&view=media>,,Emir,,,,Chito S. Roño,,2010,,,,Jerrold Tarog,,Emir Kusturica,,,,,,,,Guillaume Canet,,
Q4832493,node69b5ace81b75dda26f194bdc46b169_<http://spicyonion.com/movie/azhagar-malai/>,,Azhagar Malai,,action film,,S. P. Rajkumar,,2009,,,,,,Azhagar Malai,,,http://cdn.spicyonion.com/cache/images/profile/movie/2009/azhagarmalai-225x300.jpg,Rajakumar,,,,,,
Q4127274,node2ff2303e82ada31080a0643cb1a552b8_<http://www.zap2it.com/movie/everybody-wants-to-be-italian/MV002082250000?aid=zap2it>,,Everybody Wants to Be Italian,,romantic comedy,,Jason Todd Ipson,,2007|2009,,,,,,Everybody Wants to Be Italian,,"Genres: Romantic comedy, Comedy",http://zap2it.tmsimg.com/assets/p173507_d_v6_aa.jpg,,,,,,,
Q4127274,node6b4add6dac08fa9b6edebc5eb8a72_<http://www.traileraddict.com/everybody-wants-be-italian/lost-cat>,,Everybody Wants to Be Italian,,romantic comedy,,Jason Todd Ipson,,2007|2009,,,,,,Everybody Wants to Be Italian,,,,,,,,,,
Q4127274,nodeffd3d54f9dfcb2b7f1348d89476fec_<http://www.traileraddict.com/everybody-wants-be-italian>,,Everybody Wants to Be Italian,,romantic comedy,,Jason Todd Ipson,,2007|2009,,,,,,Everybody Wants to Be Italian,,Comedy,//cdn.traileraddict.com/ftimg/roadside-attractions/everybodyitalian/1.jpg,Jason Todd Ipson,Roadside Attractions,,,Cerina Vincent,,
Q4127274,nodeff9d99934da98c575f7364a987d6f049_<http://www.traileraddict.com/everybody-wants-be-italian>,,Everybody Wants to Be Italian,,romantic comedy,,Jason Todd Ipson,,2007|2009,,,,,,Everybody Wants to Be Italian,,Romance,//cdn.traileraddict.com/ftimg/roadside-attractions/everybodyitalian/1.jpg,Jason Todd Ipson,Roadside Attractions,,,Marisa Petroro,,
Q7929319,node7dacac7cbd0c03174b2cd697e7116d2_<http://twomovies.us/watch_movie/Vijaypath>,,Vijaypath,,drama film,,,,1994|1994,,,,,90 min.,Watch Vijaypath (1994) movie Online,,,http://img.twomovies.us/movie/no_img.jpg,http://twomovies.us/actor_director/Farogh_Siddique,,,,,,
Q5352401,node1bddedfa437e602397cc8779e6f8673e_<http://www.imdb.com/title/tt0082210/>,,El crack,José Luis Garci,crime novel,,José Luis Garci,,1981,,,,,,El crack,,Crime,http://ia.media-imdb.com/images/G/01/imdb/images/widget/amazon._CB339202444_.png,José Luis Garci,,,2 wins.,José Bódalo,,
Q5352401,node184dd975d92cbb8da56c51e2c4fe2dc1_<http://www.fulltv.com.ar/peliculas/el-crack.html>,,El crack,José Luis Garci,crime novel,,José Luis Garci,,1981,,,,,PT81M,El crack,,,http://www.fulltv.com.ar/images/peliculas/el-crack.jpg,José Martínez Suárez,,,,,,
Q6358749,node4ac2ca84d9e26b9c5723511e84d4684_<http://musicmazaa.com/telugu/audiosongs/movie/Kamli.html>,,Kamli,,drama film,,K. N. T. Sastry,,2006,,,,Beena Paul,,Kamli,http://musicmazaa.com/telugu/audiosongs/movie/Kamli.html/#Hari+Charan+Prasad,,http://musicmazaa.com/telugu/audiosongs/movie/Kamli.html///images.musicmazaa.com/media/images/medium/movies/telugu/kamli.jpg,http://musicmazaa.com/telugu/audiosongs/movie/Kamli.html/#K.N.T.+Sastry,,,,http://musicmazaa.com/telugu/audiosongs/movie/Kamli.html/#Shafi,,
Q6358749,nodeb6f79ecfea126c621b6ec35ff6e769_<http://www.lyricsmasti.com/song/3992/get_lyrics_of_Kamli-Kamli.html>,,Kamli,,drama film,,K. N. T. Sastry,,2006,,,,Beena Paul,,Kamli Kamli,,,,Aadesh Shrivastava,,,,,,
Q6358749,noded552b75759c84abb4293b3506042fe1_<http://musicmazaa.com/punjabi/audiosongs/movie/Kamli+Hoyee.html>,,Kamli,,drama film,,K. N. T. Sastry,,2006,,,,Beena Paul,,Kamli Hoyee,,,http://musicmazaa.com/punjabi/audiosongs/movie/Kamli+Hoyee.html///images.musicmazaa.com/media/images/medium/movies/punjabi/kamli_hoyee.jpg,,,,,http://musicmazaa.com/punjabi/audiosongs/movie/Kamli+Hoyee.html/#Geeta+Zaildar,,
Q4921036,node2d3c2b761e73c36ffb1471381f6cdd_<http://www.nytimes.com/movies/movie/388121/Black-Irish/overview>,+93 minute,Black Irish,J. Todd Harris,drama film,,Brad Gann,,2007,,,,,PT94M,Black Irish,,"Crime, Drama, Sports",,Brad Gann,,,,,,
Q4921036,nodedb753a3f275155ddc942fb16e2668b8a_<http://www.traileraddict.com/black-irish>,+93 minute,Black Irish,J. Todd Harris,drama film,,Brad Gann,,2007,,,,,,Black Irish,,Drama,//cdn.traileraddict.com/ftimg/palisades-pictures/black_irish/1.jpg,Brad Gann,Palisades Pictures,,,Melissa Leo,,
Q4921036,nodebde98525e2c1c78bf99d44a84aee3a5c_<http://www.traileraddict.com/black-irish>,+93 minute,Black Irish,J. Todd Harris,drama film,,Brad Gann,,2007,,,,,,Black Irish,,Drama,//cdn.traileraddict.com/ftimg/palisades-pictures/black_irish/1.jpg,Brad Gann,Palisades Pictures,,,Brendan Gleeson,,
Q4921036,node5cf2e092f8ef51b29e639c5819c9f03e_<http://www.traileraddict.com/black-irish>,+93 minute,Black Irish,J. Todd Harris,drama film,,Brad Gann,,2007,,,,,,Black Irish,,Drama,//cdn.traileraddict.com/ftimg/palisades-pictures/black_irish/1.jpg,Brad Gann,Palisades Pictures,,,Emily VanCamp,,
Q7758894,node25332c717a9a9e5dcc41f1112adb5dce_<http://www.imdb.com/title/tt0105200/>,,The Quarrel,David Brandes,drama film,,Eli Cohen,,1991,,,,,,The Quarrel,,Genres: Drama,http://ia.media-imdb.com/images/G/01/imdb/images/nopicture/small/unknown-1394846836._CB379391227_.png,Eli Cohen,,,3 wins & 2 nominations.,Robert Haiat,,
Q16774884,node2d95cd9c3b585a7c5f8c48607b595aa2_<http://www.imdb.com/title/tt0092842/?ref_=nm_flmg_msc_8>,,Dead of Winter,,,,,,,,,,,,Dead of Winter,,Genres: Drama | Horror | Thriller,http://ia.media-imdb.com/images/M/MV5BMTQyODQ0NjAyMV5BMl5BanBnXkFtZTcwMzAwNjMzNA@@._V1_SX214_AL_.jpg,Arthur Penn,,,,Michael Copeman,,
Q16774884,node5198d6d2564e934bafb9e4f3a6c4f11_<http://bigscreen.com/NowShowing.php?movie=104477&view=media>,,Dead of Winter,,,,,,,,,,,,Dead of Winter,,,,,,,,Mary Steenburgen,,
Q16774884,nodeeb829bf8f7b6b9f27c79c2b842675efc_<http://bigscreen.com/NowShowing.php?movie=104477&view=sched>,,Dead of Winter,,,,,,,,,,,,Dead of Winter,,Drama,,Arthur Penn,,,,Jan Rubes,,
Q16774884,node29f41b1e8df972151e78418bf46e81f1_<http://www.movieposterdb.com/poster/388c62f1>,,Dead of Winter,,,,,,,,,,,,Dead of Winter,,,http://www.movieposterdb.com/posters/10_03/1987/92842/l_92842_388c62f1.jpg,Arthur Penn,,,,Wayne Robson,,
Q16774884,node6922ed513adc11c16fbaf2470e5e6f0_<http://www.fulltv.com.ar/peliculas/muerte-en-el-invierno.html>,,Dead of Winter,,,,,,,,,,,PT100M,Dead of Winter,,,http://www.fulltv.com.ar/images/peliculas/muerte-en-el-invierno.jpg,Arthur Penn,,,,,,
Q16774884,nodecb1a88aabbc6f7b7b63ae0e0c4350db_<http://www.movieposterdb.com/poster/f149df61>,,Dead of Winter,,,,,,,,,,,,Dead of Winter,,,http://www.movieposterdb.com/posters/11_06/1987/92842/l_92842_f149df61.jpg,Arthur Penn,,,,Roddy McDowall,,
Q16774884,node6f2e3f8a8a3e7dc28cf4434dfb3311_<http://www.movieposterdb.com/poster/c9051f2c>,,Dead of Winter,,,,,,,,,,,,Dead of Winter,,,http://www.movieposterdb.com/posters/10_09/1987/92842/l_92842_c9051f2c.jpg,Arthur Penn,,,,Jan Rubes,,
Q16774884,node2b697a23c0a58fcf5d1d2044378ed153_<http://www.movieposterdb.com/poster/da9e805f>,,Dead of Winter,,,,,,,,,,,,Dead of Winter,,,http://www.movieposterdb.com/posters/10_09/1987/92842/l_92842_da9e805f.jpg,Arthur Penn,,,,Jan Rubes,,
Q16774884,nodeb0d7b42cff64be30bbf245a427603653_<http://bigscreen.com/NowShowing.php?movie=104477&view=photos>,,Dead of Winter,,,,,,,,,,,,Dead of Winter,,,,,,,,Jan Rubes,,
Q16774884,node492fbbacf82121f62694289a6693ab5_<http://www.imdb.com/title/tt0092842/?ref_=nm_flmg_act_101>,,Dead of Winter,,,,,,,,,,,,Dead of Winter,,Drama,http://ia.media-imdb.com/images/G/01/imdb/images/nopicture/small/unknown-1394846836._CB379391227_.png,Arthur Penn,,,,Dwayne McLean,,
Q16774884,nodebd2131c2302289ecf88b897747cee41b_<http://bigscreen.com/NowShowing.php?movie=104477&view=sched&show=nearby>,,Dead of Winter,,,,,,,,,,,,Dead of Winter,,Drama,,Arthur Penn,,,,Roddy McDowall,,
Q16774884,node53fbe95a239d928837417d53ca593d8_<http://www.movieposterdb.com/poster/155c7671>,,Dead of Winter,,,,,,,,,,,,Dead of Winter,,,http://www.movieposterdb.com/posters/11_01/1987/92842/l_92842_155c7671.jpg,Arthur Penn,,,,Roddy McDowall,,
Q16774884,noded54c612d0dd4788d661bdd5d17fd2c4_<http://www.movieposterdb.com/movie/0092842/Dead-of-Winter.html>,,Dead of Winter,,,,,,,,,,,,Dead of Winter,,,http://www.movieposterdb.com/posters/10_09/1987/92842/l_92842_c9051f2c.jpg,Arthur Penn,,,,Roddy McDowall,,
Q4749729,nodecffd3129221d51214f45d6d31c5a11_<http://ver-pelis.net/pelicula/del-2013/pagina2/>,+83 minute,An Adventure in Space and Time,,drama film,,Terry McDonough,BBC,2013,,,,,,An Adventure in Space and Time,,Drama,http://ver-pelis.net/vp/an-20adventure-20in-20space-20and-20time.jpg,,,,,,,
Q4749729,node7da583254c8f26e07e9dea5bdc38a4f_<http://www.zap2it.com/movie/an-adventure-in-space-and-time/MV005268360000?aid=zap2it>,+83 minute,An Adventure in Space and Time,,drama film,,Terry McDonough,BBC,2013,,,,,,An Adventure in Space and Time,,Genres: Docudrama,http://zap2it.tmsimg.com/tvbanners/h5/AllPhotos/10332432/p10332432_b_h5_aa.jpg,,,,,,,
Q4749729,nodebbc844bc7f773a29dd9e66081b2bd92_<http://xfinitytv.comcast.net/watch/An-Adventure-in-Space-and-Time/5096985101457234112/movies>,+83 minute,An Adventure in Space and Time,,drama film,,Terry McDonough,BBC,2013,,,,,,An Adventure in Space and Time,,,http://compass-images-1.comcast.net/ccp_img/pkr_prod/VMS_POC_Image_Ingest/31/729/00_120_60MB_590_295_590x295_80641344.jpg,,,,,,,
Q5384757,node91dacf3d17206c7f239eae48b8a5eb9_<http://www.fulltv.com.ar/peliculas/er-conde-jones.html>,,Er Conde Jones,Benjamín Rausseo,comedy film,,Benjamín Rausseo,,2011,,,,,PT90M,Er Conde Jones,,,http://www.fulltv.com.ar/images/peliculas/er-conde-jones.jpg,Benjamin Rausseo,,,,,,
Q1270632,nodeabd94e9d4e952fa5459d60d3dc133525_<http://www.nytimes.com/movies/movie/188185/After-Stonewall/overview>,,After Stonewall,,documentary film|LGBT-related film,,John Scagliotti,,1999,,,,,PT88M,After Stonewall,,"Social History, Gender Issues",,John Scagliotti,,,,,,
Q1270632,nodeb2b16369d096d2365beceea52614417e_<http://www.imdb.com/title/tt0244955/>,,After Stonewall,,documentary film|LGBT-related film,,John Scagliotti,,1999,,,,,,After Stonewall,,Documentary,"http://ia.media-imdb.com/images/M/MV5BMTU4NzU2MzIzOF5BMl5BanBnXkFtZTcwOTY0NjcyMQ@@._V1_SY317_CR14,0,214,317_AL_.jpg",John Scagliotti,,,1 win & 1 nomination.,Harvey Milk,,
Q1270632,nodeeef64fe6fe82ed1335354bd778ab225_<http://www.imdb.com/title/tt0244955/>,,After Stonewall,,documentary film|LGBT-related film,,John Scagliotti,,1999,,,,,,After Stonewall,,Documentary,"http://ia.media-imdb.com/images/M/MV5BMTU4NzU2MzIzOF5BMl5BanBnXkFtZTcwOTY0NjcyMQ@@._V1_SY317_CR14,0,214,317_AL_.jpg",John Scagliotti,,,1 win & 1 nomination.,Sheila James Kuehl,,
Q7367373,node0d59843c35a92546823da2209df825_<http://www.imdb.com/title/tt1733275/?ref_=nm_flmg_msdp_31>,,Rosario,,drama film,,Miguel Zacarías,,1935,,,,,,Rosario,,Genres: Drama,http://ia.media-imdb.com/images/G/01/imdb/images/nopicture/small/unknown-1394846836._CB379391227_.png,Albert Martinez,,,16 wins & 34 nominations.,Owie Boy Gapuz,,
Q7367373,nodeb4b5809388edf02ddbf8195343457d46_<http://www.themoviedb.org/movie/10810-rosario-tijeras>,,Rosario,,drama film,,Miguel Zacarías,,1935,,,,,PT2H6M,Rosario Tijeras,,Thriller,http://image.tmdb.org/t/p/w185/6NkM0MrdFcWWjR6qwywc8f0XgVn.jpg,Emilio Maillé,,,,Flora Martínez,,
Q7367373,node8e67ce7991196d4af73cd7215be3ffe8_<http://www.filmesdetv.com/rosario-tijeras.html>,,Rosario,,drama film,,Miguel Zacarías,,1935,,,,,PT126M,Rosario Tijeras,,,http://cdn.fulltv.com.ar/images/peliculas/rosario-tijeras.jpg,Emilio Maillé,,,,,,
Q7367373,nodefa52accf13ceed15c56b6ef6265b2e8_<http://www.imdb.com/title/tt0382271/>,,Rosario,,drama film,,Miguel Zacarías,,1935,,,,,,Rosario Tijeras,,Crime,http://ia.media-imdb.com/images/G/01/imdb/images/widget/amazon._CB339202444_.png,Emilio Maillé,,,3 wins & 2 nominations.,Alonso Arias,,
Q7367373,nodef43d64b4d0ac95eeaee71d17f07b875e_<http://animekun.ru/search/%D0%B0%D0%BD%D0%B8%D0%BC%D0%B5%20%D0%BA%D0%BE%D0%BC%D0%B5%D0%B4%D0%B8%D1%8F%20%D1%80%D0%BE%D0%BC%D0%B0%D0%BD%D1%82%D0%B8%D0%BA%D0%B0%20%D0%BC%D0%B8%D1%81%D1%82%D0%B8%D0%BA%D0%B0/>,,Rosario,,drama film,,Miguel Zacarías,,1935,,,,,,Розарио + Вампир / Rosario + Vampire,,,,,,,,,,
Q7367373,node8277daa861deff95e0c664f3453cedaf_<http://www.juvmovies.com/la-peliculas-xxx-de-rosario-escobar.htm>,,Rosario,,drama film,,Miguel Zacarías,,1935,,,,,,la peliculas xxx de rosario escobar,,Interracial,http://www.juvmovies.com/thumbs/83920708503-picture.jpg,,,,,,,
Q7367373,"node5417377327dcfc8a1bb9efc5b3838a_<http://www.commeaucinema.com/film/trance-thriller,259587>",,Rosario,,drama film,,Miguel Zacarías,,1935,,,,,01:41:00,Trance,,Thriller,http://images.commeaucinema.com/news/208_259587.jpg,,,,,,,
Q3232718,node91e9f8a7ca4544a14f22e7b16ac1e5b_<http://www.imdb.com/title/tt0034770/?ref_=nm_flmg_act_190>,,The Gay Sisters,Henry Blanke|Hal B. Wallis,drama film|romance film,Stanwyck - 1942 film.JPG,Irving Rapper,,1942,,,Bechdel test,,,The Gay Sisters,,Genres: Drama | Romance,http://ia.media-imdb.com/images/G/01/imdb/images/widget/amazon._CB339202444_.png,Irving Rapper,,,,George Brent,,
Q3232718,noded6c82c119dc691566665a9db1019d091_<http://www.nytimes.com/movies/movie/92769/The-Gay-Sisters/overview>,,The Gay Sisters,Henry Blanke|Hal B. Wallis,drama film|romance film,Stanwyck - 1942 film.JPG,Irving Rapper,,1942,,,Bechdel test,,PT108M,The Gay Sisters,,,,Irving Rapper,,,,,,
Q6470185,noded0ac79491d1c4fce1860d1c4e3d6816e_<http://www.watchfreemovies.ch/watch-movies/1942/watch-lady-gangster-144050/>,,Lady Gangster,,crime film|drama film,,Robert Florey,,1942,,,,,,Lady Gangster,,,http://www.watchfreemovies.ch/thumbs/lady-gangster-144050.jpg,Robert Florey,,,,Ken Christy,,
Q6470185,nodeaa13729d1ece89e785ea5cd7aaae80_<http://www.themoviedb.org/movie/23107-lady-gangster>,,Lady Gangster,,crime film|drama film,,Robert Florey,,1942,,,,,PT1H2M,Lady Gangster,,Crime,http://image.tmdb.org/t/p/w185/qOdQN6Pwlk0UQtNkN9gweukJakI.jpg,Robert Florey,,,,Julie Bishop,,
Q584057,nodefa5d21858f557b5c4c5b82b54c3f43_<http://www.imdb.com/title/tt0113114/?ref_=nm_knf_i4>,+95 minute,Free Willy 2: The Adventure Home,Lauren Shuler Donner|Richard Donner|Arnon Milchan,adventure film|drama film,,Dwight H. Little,StudioCanal|Regency Enterprises,1995,,,,Robert Brown,,Free Willy 2: The Adventure Home,,Genres: Adventure | Drama,http://ia.media-imdb.com/images/G/01/imdb/images/nopicture/small/unknown-1394846836._CB379391227_.png,Dwight H. Little,,,1 win.,Neal Matarazzo,,
Q584057,node35ecd2319d9f66cd55a620183ca817_<http://www.imdb.com/title/tt0113114/>,+95 minute,Free Willy 2: The Adventure Home,Lauren Shuler Donner|Richard Donner|Arnon Milchan,adventure film|drama film,,Dwight H. Little,StudioCanal|Regency Enterprises,1995,,,,Robert Brown,,Free Willy 2: The Adventure Home,,Adventure,http://ia.media-imdb.com/images/G/01/imdb/images/nopicture/small/unknown-1394846836._CB379391227_.png,Dwight H. Little,,,1 win.,Michael Madsen,,
Q584057,node9829978c2d2430e51d77ff72621ae3b_<http://www.imdb.com/title/tt0113114/>,+95 minute,Free Willy 2: The Adventure Home,Lauren Shuler Donner|Richard Donner|Arnon Milchan,adventure film|drama film,,Dwight H. Little,StudioCanal|Regency Enterprises,1995,,,,Robert Brown,,Free Willy 2: The Adventure Home,,Adventure,http://ia.media-imdb.com/images/M/MV5BMjgyNTc4Mzk4OV5BMl5BanBnXkFtZTcwMDgwMDQyMQ@@._V1_SX214_AL_.jpg,Dwight H. Little,,,1 win.,Jason James Richter,,
Q584057,node915746665d17c363d784ca829aa12_<http://parentpreviews.com/movie-reviews/review/free-willy-2-the-adventure-home>,+95 minute,Free Willy 2: The Adventure Home,Lauren Shuler Donner|Richard Donner|Arnon Milchan,adventure film|drama film,,Dwight H. Little,StudioCanal|Regency Enterprises,1995,,,,Robert Brown,,Free Willy 2: The Adventure Home,,,http://parentpreviews.com/legacy-pics/fw2_box.jpg,,,,,Jason James Richter,,
Q584057,node1ad96f134098e8ebdec3ed741a921fd_<http://www.fandango.com/freewilly2:theadventurehome_32155/movieoverview>,+95 minute,Free Willy 2: The Adventure Home,Lauren Shuler Donner|Richard Donner|Arnon Milchan,adventure film|drama film,,Dwight H. Little,StudioCanal|Regency Enterprises,1995,,,,Robert Brown,PT0H0M,Free Willy 2: The Adventure Home,,Drama,,Dwight H. Little,,,,Michael Madsen,,
Q4031261,node6366528e777c34dbb32f9b7b6a624e0_<http://www.traileraddict.com/4-3-2-1/dvd-tv-spot>,+117 minute,4.3.2.1,,heist film|drama film,,Noel Clarke,Universal Pictures,2010,,,Bechdel test,,,4.3.2.1,,,,,,,,,,
Q4031261,node6b66cafda3dc671cfc21ac6bc94eec1_<http://www.dvdreleases.org/drama/4-3-2-1/>,+117 minute,4.3.2.1,,heist film|drama film,,Noel Clarke,Universal Pictures,2010,,,Bechdel test,,,4.3.2.1,,,http://www.dvdreleases.org/drama/4-3-2-1//wp-content/themes/ver4/thumb.php?src=http://www.dvdreleases.org/wp-content/uploads/2012/01/4.3.2.1.jpg&h=270&w=182,,,,,http://www.dvdreleases.org/drama/4-3-2-1//celebrity/Tamsin+Egerton/,,
Q4031261,nodeb493a549d0c82f884c6d25c9351fc73_<http://www.nytimes.com/movies/movie/461908/4-3-2-1/overview>,+117 minute,4.3.2.1,,heist film|drama film,,Noel Clarke,Universal Pictures,2010,,,Bechdel test,,PT117M,4.3.2.1,,"Drama, Foreign, Thriller",,Noel Clarke,,,,,,
Q4031261,nodeda4f1c5bbda333c75477a96b30d2aebc_<http://www.ovguide.com/4-3-2-1-9202a8c04000641f8000000012e81552>,+117 minute,4.3.2.1,,heist film|drama film,,Noel Clarke,Universal Pictures,2010,,,Bechdel test,,,4.3.2.1,,,,,,,,http://www.ovguide.com/4-3-2-1-9202a8c04000641f8000000012e81552//jamie-hawes-9202a8c04000641f80000000354046d9,,
Q4031261,node9fa914868042a436fd5f1a822b10e75d_<http://www.traileraddict.com/4-3-2-1->,+117 minute,4.3.2.1,,heist film|drama film,,Noel Clarke,Universal Pictures,2010,,,Bechdel test,,,4.3.2.1,,Thriller,//cdn.traileraddict.com/ftimg/universal-pictures/4321/1.jpg,Noel Clarke Mark Davis,Universal Pictures,,,Noel Clarke,,
Q4031261,nodee83ae4ee44a4bb3e22863d116cc_<http://www.traileraddict.com/4-3-2-1>,+117 minute,4.3.2.1,,heist film|drama film,,Noel Clarke,Universal Pictures,2010,,,Bechdel test,,,4.3.2.1,,Thriller,//cdn.traileraddict.com/ftimg/universal-pictures/4321/1.jpg,Noel Clarke Mark Davis,Universal Pictures,,,Ophelia Lovibond,,
Q4031261,node44424157d71cbc9df85beb41276e0cb_<http://www.movieposterdb.com/poster/8c5593ae>,+117 minute,4.3.2.1,,heist film|drama film,,Noel Clarke,Universal Pictures,2010,,,Bechdel test,,,4.3.2.1,,,http://www.movieposterdb.com/posters/10_10/2010/1514041/l_1514041_8c5593ae.jpg,Noel Clarke,,,,Tamsin Egerton,,
Q4031261,node1a3c99b28f13c7b2301c228e1f478_<http://trakt.tv/movie/4321-2010>,+117 minute,4.3.2.1,,heist film|drama film,,Noel Clarke,Universal Pictures,2010,,,Bechdel test,,,4.3.2.1,,,http://zapp.trakt.us/images/posters_movies/1748-138.jpg?1,,,,,,,
Q4031261,node2735996b6ce16c462a861f9ab72a2_<http://www.movieposterdb.com/poster/f7443c1c>,+117 minute,4.3.2.1,,heist film|drama film,,Noel Clarke,Universal Pictures,2010,,,Bechdel test,,,4.3.2.1,,,http://www.movieposterdb.com/posters/10_12/2010/1514041/l_1514041_f7443c1c.jpg,Noel Clarke,,,,Kevin Smith,,
Q4031261,nodea69da580713ed561e2bd8f5231ec673_<http://www.movieposterdb.com/poster/dca4eb75>,+117 minute,4.3.2.1,,heist film|drama film,,Noel Clarke,Universal Pictures,2010,,,Bechdel test,,,4.3.2.1,,,http://www.movieposterdb.com/posters/10_09/2010/1514041/l_1514041_dca4eb75.jpg,Noel Clarke,,,,Tamsin Egerton,,
Q309621,node1da48b61cb7be8453ed4bdd18f838079_<http://www.apunkachoice.com/titles/the/the-mask-of-zorro/mid_25701/fanclub/>,+132 minute,The Mask of Zorro,David Foster|Doug Claybourne,action film|heist film|superhero film|adventure film,,Martin Campbell,Sony Pictures|Amblin Entertainment,1998|1998,Jameson People's Choice Award for Best Actor,James Horner,Bechdel test|Mako Mori test|reverse Mako Mori test,Thom Noble,,The Mask of Zorro,,Romance,http://media.apunkachoice.com/image/Main-Images/main-25701.jpg,http://www.apunkachoice.com/names/mar/martin_campbell/cid_74151/,,,,,,
Q309621,node2c78f98c1bb6c57043f8d8a165b4ca2_<http://www.filmesdetv.com/the-mask-of-zorro.html>,+132 minute,The Mask of Zorro,David Foster|Doug Claybourne,action film|heist film|superhero film|adventure film,,Martin Campbell,Sony Pictures|Amblin Entertainment,1998|1998,Jameson People's Choice Award for Best Actor,James Horner,Bechdel test|Mako Mori test|reverse Mako Mori test,Thom Noble,PT136M,The Mask of Zorro,,,http://cdn.fulltv.com.ar/images/peliculas/la-mascara-del-zorro.jpg,Martin Campbell,,,,,,
Q309621,node3280799c5b67db9cafa2b387c8c9542a_<http://www.nytimes.com/movies/movie/158887/The-Mask-Of-Zorro/overview>,+132 minute,The Mask of Zorro,David Foster|Doug Claybourne,action film|heist film|superhero film|adventure film,,Martin Campbell,Sony Pictures|Amblin Entertainment,1998|1998,Jameson People's Choice Award for Best Actor,James Horner,Bechdel test|Mako Mori test|reverse Mako Mori test,Thom Noble,PT136M,The Mask of Zorro,,"Action, Adventure, Period",,,,,,,,
Q309621,node3316da1af6c774dcc7927f78b2b1cd3f_<http://www.imdb.com/title/tt0120746/?ref_=nm_knf_i1>,+132 minute,The Mask of Zorro,David Foster|Doug Claybourne,action film|heist film|superhero film|adventure film,,Martin Campbell,Sony Pictures|Amblin Entertainment,1998|1998,Jameson People's Choice Award for Best Actor,James Horner,Bechdel test|Mako Mori test|reverse Mako Mori test,Thom Noble,,The Mask of Zorro,,Action,"http://ia.media-imdb.com/images/M/MV5BNjI3NzI2MjY2MF5BMl5BanBnXkFtZTYwMDM5ODU5._V1_SY317_CR7,0,214,317_AL_.jpg",Martin Campbell,,,Nominated for 2 Oscars.,William Marquez,,
Q309621,node33b08d75fbc4e190aa48e6e6185dbb57_<http://www.guidafilm.com/the-mask-of-zorro.html>,+132 minute,The Mask of Zorro,David Foster|Doug Claybourne,action film|heist film|superhero film|adventure film,,Martin Campbell,Sony Pictures|Amblin Entertainment,1998|1998,Jameson People's Choice Award for Best Actor,James Horner,Bechdel test|Mako Mori test|reverse Mako Mori test,Thom Noble,PT136M,The Mask of Zorro,,,http://cdn.fulltv.com.ar/images/peliculas/la-mascara-del-zorro.jpg,Martin Campbell,,,,,,
Q309621,node234353c2b453a4c4836abc124a3c79ac_<http://www.imdb.com/title/tt0120746/>,+132 minute,The Mask of Zorro,David Foster|Doug Claybourne,action film|heist film|superhero film|adventure film,,Martin Campbell,Sony Pictures|Amblin Entertainment,1998|1998,Jameson People's Choice Award for Best Actor,James Horner,Bechdel test|Mako Mori test|reverse Mako Mori test,Thom Noble,,The Mask of Zorro,,Genres: Action | Adventure | Comedy | Romance | Thriller | Western,"http://ia.media-imdb.com/images/M/MV5BNjI3NzI2MjY2MF5BMl5BanBnXkFtZTYwMDM5ODU5._V1_SY317_CR7,0,214,317_AL_.jpg",Martin Campbell,,,Nominated for 2 Oscars.,Raúl Martínez,,
Q309621,node328b0142f34272a4b50b80a97e50c1_<http://www.imdb.com/title/tt0120746/?ref_=nm_flmg_spl_12>,+132 minute,The Mask of Zorro,David Foster|Doug Claybourne,action film|heist film|superhero film|adventure film,,Martin Campbell,Sony Pictures|Amblin Entertainment,1998|1998,Jameson People's Choice Award for Best Actor,James Horner,Bechdel test|Mako Mori test|reverse Mako Mori test,Thom Noble,,The Mask of Zorro,,Action,"http://ia.media-imdb.com/images/M/MV5BNjI3NzI2MjY2MF5BMl5BanBnXkFtZTYwMDM5ODU5._V1_SY317_CR7,0,214,317_AL_.jpg",Martin Campbell,,,Another 7 wins & 15 nominations.,José María de Tavira,,
Q309621,node29bd852abd58c2b21a70f1acae71f093_<http://www.movieposterdb.com/poster/ed4d7d42>,+132 minute,The Mask of Zorro,David Foster|Doug Claybourne,action film|heist film|superhero film|adventure film,,Martin Campbell,Sony Pictures|Amblin Entertainment,1998|1998,Jameson People's Choice Award for Best Actor,James Horner,Bechdel test|Mako Mori test|reverse Mako Mori test,Thom Noble,,The Mask Of Zorro,,,http://www.movieposterdb.com/posters/05_08/1998/0120746/l_43186_0120746_ed4d7d42.jpg,Martin Campbell,,,,Josï¿½ Pï¿½rez,,
Q309621,node8de98fb7dbbe22aa9660df74b1facdd_<http://www.fulltv.com.ar/peliculas/la-mascara-del-zorro.html>,+132 minute,The Mask of Zorro,David Foster|Doug Claybourne,action film|heist film|superhero film|adventure film,,Martin Campbell,Sony Pictures|Amblin Entertainment,1998|1998,Jameson People's Choice Award for Best Actor,James Horner,Bechdel test|Mako Mori test|reverse Mako Mori test,Thom Noble,PT136M,The Mask of Zorro,,,http://www.fulltv.com.ar/images/peliculas/la-mascara-del-zorro.jpg,Martin Campbell,,,,,,
Q309621,node2630d61ea4f09575c1fa18448e831e2_<http://www.fulltvfilms.com/the-mask-of-zorro.html>,+132 minute,The Mask of Zorro,David Foster|Doug Claybourne,action film|heist film|superhero film|adventure film,,Martin Campbell,Sony Pictures|Amblin Entertainment,1998|1998,Jameson People's Choice Award for Best Actor,James Horner,Bechdel test|Mako Mori test|reverse Mako Mori test,Thom Noble,PT136M,The Mask of Zorro,,,http://cdn.fulltv.com.ar/images/peliculas/la-mascara-del-zorro.jpg,Martin Campbell,,,,,,
Q309621,node41d2eb163d2b534ade7a2087ea5aa6_<http://www.traileraddict.com/mask-of-zorro>,+132 minute,The Mask of Zorro,David Foster|Doug Claybourne,action film|heist film|superhero film|adventure film,,Martin Campbell,Sony Pictures|Amblin Entertainment,1998|1998,Jameson People's Choice Award for Best Actor,James Horner,Bechdel test|Mako Mori test|reverse Mako Mori test,Thom Noble,,The Mask of Zorro,,Thriller,//cdn.traileraddict.com/ftimg/tristar-pictures/maskofzorro/1.jpg,Martin Campbell,TriStar Pictures,,,Catherine Zeta Jones,,
Q309621,nodee1aead416fe74f23b8b1d48e44f058_<http://www.traileraddict.com/mask-of-zorro>,+132 minute,The Mask of Zorro,David Foster|Doug Claybourne,action film|heist film|superhero film|adventure film,,Martin Campbell,Sony Pictures|Amblin Entertainment,1998|1998,Jameson People's Choice Award for Best Actor,James Horner,Bechdel test|Mako Mori test|reverse Mako Mori test,Thom Noble,,The Mask of Zorro,,Thriller,//cdn.traileraddict.com/ftimg/tristar-pictures/maskofzorro/1.jpg,Martin Campbell,TriStar Pictures,,,Stuart Wilson,,
Q309621,node9b62b7984b2e3ddc157996e4bd0b_<http://www.the-numbers.com/movie/Mask-of-Zorro>,+132 minute,The Mask of Zorro,David Foster|Doug Claybourne,action film|heist film|superhero film|adventure film,,Martin Campbell,Sony Pictures|Amblin Entertainment,1998|1998,Jameson People's Choice Award for Best Actor,James Horner,Bechdel test|Mako Mori test|reverse Mako Mori test,Thom Noble,,The Mask of Zorro,,,,Martin Campbell,,,,Catherine Zeta-Jones,,
Q309621,node43498638d5f5b36c4fd1d3b2e153b_<http://www.rogerebert.com/reviews/the-mask-of-zorro-1998>,+132 minute,The Mask of Zorro,David Foster|Doug Claybourne,action film|heist film|superhero film|adventure film,,Martin Campbell,Sony Pictures|Amblin Entertainment,1998|1998,Jameson People's Choice Award for Best Actor,James Horner,Bechdel test|Mako Mori test|reverse Mako Mori test,Thom Noble,PT136M,The Mask of Zorro (1998),,,,,,,,Stuart Wilson,,
Q309621,node7a1de6f3c86beba4bd94d6a51143d8_<http://www.imdb.com/title/tt0059950/>,+132 minute,The Mask of Zorro,David Foster|Doug Claybourne,action film|heist film|superhero film|adventure film,,Martin Campbell,Sony Pictures|Amblin Entertainment,1998|1998,Jameson People's Choice Award for Best Actor,James Horner,Bechdel test|Mako Mori test|reverse Mako Mori test,Thom Noble,,"""El Zorro cabalga otra vez"" (original title)",,Genres: Western,http://ia.media-imdb.com/images/G/01/imdb/images/widget/amazon._CB339202444_.png,Ricardo Blasco,,,,Joaquín Pamplona,,
Q309621,b0,+132 minute,The Mask of Zorro,David Foster|Doug Claybourne,action film|heist film|superhero film|adventure film,,Martin Campbell,Sony Pictures|Amblin Entertainment,1998|1998,Jameson People's Choice Award for Best Actor,James Horner,Bechdel test|Mako Mori test|reverse Mako Mori test,Thom Noble,,Cartagena,,,,b2,b11,,,,,
Q309621,b0,+132 minute,The Mask of Zorro,David Foster|Doug Claybourne,action film|heist film|superhero film|adventure film,,Martin Campbell,Sony Pictures|Amblin Entertainment,1998|1998,Jameson People's Choice Award for Best Actor,James Horner,Bechdel test|Mako Mori test|reverse Mako Mori test,Thom Noble,,Indian Porn Videos,,,,b3,b12,,,b1,,
Q309621,b0,+132 minute,The Mask of Zorro,David Foster|Doug Claybourne,action film|heist film|superhero film|adventure film,,Martin Campbell,Sony Pictures|Amblin Entertainment,1998|1998,Jameson People's Choice Award for Best Actor,James Horner,Bechdel test|Mako Mori test|reverse Mako Mori test,Thom Noble,,Killer Elite,,,,b3,b12,,,,,
Q383844,node6a258ccc7fa435d98e8db90aa9c2568_<http://shotonwhat.com/sound-systems/4-track-stereo-sound-systems>,+98 minute,Rollerball,John McTiernan|Charles Roven,action film|science fiction film,,John McTiernan,Atlas Entertainment,2002|2002,,,,,,Rollerball,,,http://shotonwhat.com/sound-systems/4-track-stereo-sound-systems//images/0073631.jpg,Norman Jewison,,,,,,
Q383844,node3e3d460ad7ba3620d41d634aa8aa21_<http://www.nytimes.com/movies/movie/41954/Rollerball/overview>,+98 minute,Rollerball,John McTiernan|Charles Roven,action film|science fiction film,,John McTiernan,Atlas Entertainment,2002|2002,,,,,PT129M,Rollerball,,"Drama, Fantasy, Sci-Fi",,Norman Jewison,,,,,,
Q383844,nodefcccee580759e61faf5de53a590f742_<http://www.zap2it.com/movie/rollerball/MV000079950000>,+98 minute,Rollerball,John McTiernan|Charles Roven,action film|science fiction film,,John McTiernan,Atlas Entertainment,2002|2002,,,,,,Rollerball,,Genres: Science fiction,http://zap2it.tmsimg.com/movieposters/v6/AllPhotos/4677/p4677_p_v6_aa.jpg,,,,,,,
Q383844,nodeead75638d56dacc63a6223796cf33_<http://www.allocine.fr/film/fichefilm_gen_cfilm=26854.html>,+98 minute,Rollerball,John McTiernan|Charles Roven,action film|science fiction film,,John McTiernan,Atlas Entertainment,2002|2002,,,,,1h39min,Rollerball,,Action,http://fr.web.img6.acsta.net/r_160_240/b_1_d6d6d6/medias/nmedia/00/00/00/34/rollerball.jpg,John McTiernan,Columbia TriStar Films,,,,,
Q383844,node4c7a546d864022cc4c6dc4329a5952_<http://www.interfilmes.com/filme_14362_Rollerball-(Rollerball).html>,+98 minute,Rollerball,John McTiernan|Charles Roven,action film|science fiction film,,John McTiernan,Atlas Entertainment,2002|2002,,,,,98,Rollerball,,http://www.interfilmes.com/filme_14362_Rollerball-(Rollerball).html/listagenero_10_1.html,http://www.interfilmes.com/filme_14362_Rollerball-(Rollerball).html/FILMES/14300/14362/fotocapa.jpg,John McTiernan,Sony Pictures,,,Jean Reno,,
Q383844,node70851b47549e671267f368ef8607bb_<http://www.hollywood.com/movies/231101/rollerball>,+98 minute,Rollerball,John McTiernan|Charles Roven,action film|science fiction film,,John McTiernan,Atlas Entertainment,2002|2002,,,,,2hr 9mins.,Rollerball,Norman Jewison,"Drama, Fantasy, Sci-Fi",http://cdn-media-5.hollywood.com/images/300x450/4297502.jpg,Norman Jewison,,,"1975, , ,",,,
Q383844,nodec5f68dfd3e36bd8eb5bfcfae13f1dff_<http://www.imdb.com/title/tt0246894/?ref_=nm_flmg_msc_5>,+98 minute,Rollerball,John McTiernan|Charles Roven,action film|science fiction film,,John McTiernan,Atlas Entertainment,2002|2002,,,,,,Rollerball,,Action,"http://ia.media-imdb.com/images/M/MV5BMjA3OTk4NDE1OV5BMl5BanBnXkFtZTcwODAyOTY2NA@@._V1_SY317_CR0,0,214,317_AL_.jpg",John McTiernan,,,2 nominations.,LL Cool J,,
Q383844,nodee7b2b0e0a3ca95ba1cb9bfb08573235_<http://www.imdb.com/title/tt0246894/?ref_=nm_flmg_act_16>,+98 minute,Rollerball,John McTiernan|Charles Roven,action film|science fiction film,,John McTiernan,Atlas Entertainment,2002|2002,,,,,,Rollerball,,Action,"http://ia.media-imdb.com/images/M/MV5BMjA3OTk4NDE1OV5BMl5BanBnXkFtZTcwODAyOTY2NA@@._V1_SY317_CR0,0,214,317_AL_.jpg",John McTiernan,,,2 nominations.,Chris Klein,,
Q383844,node23941243707c74689bf2ebd1859ae728_<http://www.movieposterdb.com/poster/4fb6602d>,+98 minute,Rollerball,John McTiernan|Charles Roven,action film|science fiction film,,John McTiernan,Atlas Entertainment,2002|2002,,,,,,Rollerball,,,http://www.movieposterdb.com/posters/06_03/1975/0073631/l_102995_0073631_4fb6602d.jpg,Norman Jewison,,,,John Normington,,
Q383844,nodeba13c50de5efa711ded1d18adb2c3df_<http://www.movieposterdb.com/movie/0073631/Rollerball.html>,+98 minute,Rollerball,John McTiernan|Charles Roven,action film|science fiction film,,John McTiernan,Atlas Entertainment,2002|2002,,,,,,Rollerball,,,http://www.movieposterdb.com/posters/08_06/1975/73631/l_73631_9463af1e.jpg,Norman Jewison,,,,Moses Gunn,,
Q383844,nodeaa198ce722ede755c97fbea18bbe7c2a_<http://www.rogerebert.com/reviews/rollerball-2002>,+98 minute,Rollerball,John McTiernan|Charles Roven,action film|science fiction film,,John McTiernan,Atlas Entertainment,2002|2002,,,,,PT98M,Rollerball (2002),,,,John McTiernan,,,,Paul Heyman,,
Q383844,node64061764e227b4e99645d4dc4c6a9e6_<http://www.the-numbers.com/movie/Rollerball-(1975)>,+98 minute,Rollerball,John McTiernan|Charles Roven,action film|science fiction film,,John McTiernan,Atlas Entertainment,2002|2002,,,,,,Rollerball (1975),,,,Norman Jewison,,,,,,
Q535295,nodeb8d827f84e85ae39df16acfe25b4f64_<http://www.imdb.com/title/tt0074252/technical>,+115 minute,"Brutti, sporchi e cattivi",Carlo Ponti,Commedia all'italiana|drama film|comedy film,Bruttisp.jpg,Ettore Scola,,1976|1976|1976|1977|1978|1978|1978|1979|1979|1979|1985|1989|1989|1991|1991,,,,Raimondo Crociani,,"Ugly, Dirty and Bad (1976)",,,"http://ia.media-imdb.com/images/M/MV5BMTU1NDUzNTUxNV5BMl5BanBnXkFtZTYwMzc1NDk4._V1_SX67_CR0,0,67,98_AL_.jpg",,,,,,,
Q535295,node77f695ed1347cf4b85e89f87bbb374dd_<http://www.imdb.com/title/tt0074252/>,+115 minute,"Brutti, sporchi e cattivi",Carlo Ponti,Commedia all'italiana|drama film|comedy film,Bruttisp.jpg,Ettore Scola,,1976|1976|1976|1977|1978|1978|1978|1979|1979|1979|1985|1989|1989|1991|1991,,,,Raimondo Crociani,,"""Brutti, sporchi e cattivi"" (original title)",,Genres: Comedy | Drama,http://ia.media-imdb.com/images/G/01/imdb/images/nopicture/small/unknown-1394846836._CB379391227_.png,Ettore Scola,,,1 win & 2 nominations.,Luciano Pagliuca,,
